building_num,temperature,precipitation,windspeed,humidity,cooling_area,solar,ess,sin_weekday,cos_weekday,sin_hour,cos_hour,month_6,month_7,holiday,DI,CDH,day_hour_mean,day_hour_std,hour_mean,hour_std,Apartment,Commercial,Data Center,Department Store and Outlet,Discount Mart,Hospital,Hotel and Resort,Knowledge Industry Center,Other Buildings,Public,Research Institute
1,0.002222146,0.0015215582,0.0012716679,0.006694682,0.0,0.0,0.0,0.0029710443,0.0028796515,0.0021223642,0.0047723716,0.16670048,0.0034380043,0.008377494,0.016983809,0.013140588,0.7506616,0.0035226762,0.0117162615,0.0010035613,0.0,0.0,0.0,0.0,0.0,0.0,0.0,0.0,0.0,0.0,0.0
2,0.003312967,0.0016742264,0.0025620467,0.012887646,0.0,0.0,0.0,0.0038408397,0.006373118,0.0041047684,0.006804136,0.24012947,0.014539878,0.00837606,0.030834453,0.008212311,0.6403123,0.007276362,0.004790051,0.003969361,0.0,0.0,0.0,0.0,0.0,0.0,0.0,0.0,0.0,0.0,0.0
3,0.0068135816,0.01714212,0.0070399903,0.037460748,0.0,0.0,0.0,0.013226774,0.00926504,0.006365793,0.008018165,0.024197634,0.04323469,0.010707383,0.016682602,0.025413465,0.7484911,0.011715545,0.010221343,0.0040039225,0.0,0.0,0.0,0.0,0.0,0.0,0.0,0.0,0.0,0.0,0.0
4,0.004733251,0.0012303955,0.0007871641,0.0015976151,0.0,0.0,0.0,0.0017133645,0.0020240906,0.0014373331,0.0052631036,0.17971729,0.008741887,0.0031928977,0.0037812798,0.0026920014,0.6090553,0.0017730088,0.03173884,0.14052118,0.0,0.0,0.0,0.0,0.0,0.0,0.0,0.0,0.0,0.0,0.0
5,0.0024923643,0.0009703983,0.0011616655,0.004565843,0.0,0.0,0.0,0.0028067967,0.0016780848,0.0032163686,0.050619088,0.21499804,0.0025599487,0.0071664015,0.012331438,0.0058244527,0.6727225,0.011112096,0.004673507,0.0011009988,0.0,0.0,0.0,0.0,0.0,0.0,0.0,0.0,0.0,0.0,0.0
6,0.0016261053,0.0006769215,0.0008142468,0.0020906352,0.0,0.0,0.0,0.0011885202,0.0012094189,0.0014559355,0.0016142103,0.09744094,0.0030459552,0.0039474475,0.0029700266,0.0067646136,0.8643291,0.0016323838,0.00810128,0.0010921685,0.0,0.0,0.0,0.0,0.0,0.0,0.0,0.0,0.0,0.0,0.0
7,0.0027265775,0.0014528155,0.0025057774,0.0036150804,0.0,0.0,0.0,0.0068721194,0.0065238774,0.0020149313,0.003960534,0.28894016,0.019401908,0.028396424,0.005325157,0.00508473,0.61286145,0.005331148,0.0021666246,0.0028206592,0.0,0.0,0.0,0.0,0.0,0.0,0.0,0.0,0.0,0.0,0.0
8,0.017915454,0.0070111095,0.011891909,0.024556037,0.0,0.0,0.0,0.023537626,0.019707033,0.0121532995,0.008209795,0.019207234,0.029789766,0.029819649,0.032318372,0.032293856,0.6710189,0.030281099,0.012324756,0.017964076,0.0,0.0,0.0,0.0,0.0,0.0,0.0,0.0,0.0,0.0,0.0
9,0.007696316,0.00050736027,0.0011280967,0.0035913312,0.0,0.0,0.0,0.0020522098,0.00220446,0.0007684905,0.0009411577,0.13227485,0.0063685467,0.0013890644,0.0431995,0.0020999783,0.7838018,0.0035088665,0.0063614333,0.0021065774,0.0,0.0,0.0,0.0,0.0,0.0,0.0,0.0,0.0,0.0,0.0
10,0.008592054,0.0075921994,0.006056355,0.0059984387,0.0,0.0,0.0,0.008333681,0.013410549,0.005371063,0.0035441427,0.5725351,0.103002094,0.037213925,0.063877456,0.008556903,0.12096356,0.0068803187,0.020716935,0.0073553217,0.0,0.0,0.0,0.0,0.0,0.0,0.0,0.0,0.0,0.0,0.0
11,0.020503512,0.013426992,0.0034595563,0.006614566,0.0,0.0,0.0,0.0047330284,0.013618117,0.0033718692,0.0058552697,0.0315548,0.03695581,0.012532623,0.024511134,0.011453317,0.7958927,0.0052610356,0.0048861858,0.005369587,0.0,0.0,0.0,0.0,0.0,0.0,0.0,0.0,0.0,0.0,0.0
12,0.022620788,0.0023938008,0.0035155467,0.021134106,0.0,0.0,0.0,0.009915705,0.010135835,0.0044695796,0.008930573,0.061089396,0.011566897,0.049979813,0.0442772,0.04717944,0.6768629,0.009479227,0.0058781784,0.010570997,0.0,0.0,0.0,0.0,0.0,0.0,0.0,0.0,0.0,0.0,0.0
13,0.037503343,0.024960147,0.021027334,0.0317554,0.0,0.0,0.0,0.046878196,0.029507918,0.021236887,0.014908201,0.037718017,0.061795007,0.09454993,0.085327,0.059940223,0.36106107,0.024724698,0.03513859,0.011967986,0.0,0.0,0.0,0.0,0.0,0.0,0.0,0.0,0.0,0.0,0.0
14,0.021517329,0.03468839,0.026559763,0.03608449,0.0,0.0,0.0,0.032612775,0.04364389,0.030670624,0.023944188,0.09485897,0.030076943,0.055892702,0.033889104,0.03246181,0.41685992,0.039706662,0.022742342,0.023790022,0.0,0.0,0.0,0.0,0.0,0.0,0.0,0.0,0.0,0.0,0.0
15,0.011492388,0.0068358677,0.0041764244,0.011421424,0.0,0.0,0.0,0.011975826,0.015386222,0.0100659495,0.0065144985,0.03291332,0.016029937,0.022651719,0.029210785,0.043748822,0.74861485,0.011098747,0.0047989753,0.013064273,0.0,0.0,0.0,0.0,0.0,0.0,0.0,0.0,0.0,0.0,0.0
16,0.0046330164,0.00043243275,0.0005744539,0.0018557864,0.0,0.0,0.0,0.0012109545,0.0017111097,0.028740168,0.001770594,0.23308825,0.0035117068,0.0015223514,0.023292406,0.0012966257,0.6573483,0.0019526706,0.035965692,0.0010935464,0.0,0.0,0.0,0.0,0.0,0.0,0.0,0.0,0.0,0.0,0.0
17,0.008885757,0.0014847119,0.0059401058,0.017219564,0.0,0.0,0.0,0.0018149354,0.01780396,0.0037446772,0.0022056154,0.040377844,0.012401718,0.011282789,0.007574209,0.0094179185,0.8342273,0.010516639,0.0075461934,0.0075561455,0.0,0.0,0.0,0.0,0.0,0.0,0.0,0.0,0.0,0.0,0.0
18,0.0027613875,0.0020732267,0.0024852988,0.010798058,0.0,0.0,0.0,0.0034191865,0.009251385,0.0020615107,0.0031337456,0.20454162,0.0041541047,0.027024837,0.012169249,0.006092057,0.70030075,0.0033709987,0.0013055897,0.005056893,0.0,0.0,0.0,0.0,0.0,0.0,0.0,0.0,0.0,0.0,0.0
19,0.0026686708,0.00070089026,0.0045548077,0.009172627,0.0,0.0,0.0,0.0009026578,0.009780212,0.0009920095,0.0015368533,0.020996358,0.0047647026,0.002042766,0.012690655,0.014433766,0.9074805,0.002701774,0.003984456,0.00059630873,0.0,0.0,0.0,0.0,0.0,0.0,0.0,0.0,0.0,0.0,0.0
20,0.0016735984,0.00067488843,0.005317281,0.009028899,0.0,0.0,0.0,0.0075719557,0.01149416,0.0039445055,0.0041288678,0.035727963,0.002384791,0.06453352,0.0047454047,0.021015532,0.8028338,0.010900527,0.012242937,0.0017813488,0.0,0.0,0.0,0.0,0.0,0.0,0.0,0.0,0.0,0.0,0.0
21,0.0044602724,0.0015349999,0.0030960909,0.007431582,0.0,0.0,0.0,0.014213144,0.01126748,0.0032163744,0.002749322,0.03816439,0.00632592,0.015738672,0.0037336778,0.016882723,0.85839826,0.005152471,0.003386599,0.004248,0.0,0.0,0.0,0.0,0.0,0.0,0.0,0.0,0.0,0.0,0.0
22,0.0034163534,0.0016821754,0.0032101655,0.0049890685,0.0,0.0,0.0,0.0022891785,0.0048799957,0.0027448067,0.002949778,0.023119694,0.0051361457,0.0032774936,0.0064493753,0.0031917507,0.921169,0.0054387785,0.004653778,0.0014024196,0.0,0.0,0.0,0.0,0.0,0.0,0.0,0.0,0.0,0.0,0.0
23,0.004619876,0.001514457,0.0029993365,0.007665462,0.0,0.0,0.0,0.006550649,0.007471996,0.001883808,0.0008202124,0.005961568,0.001936588,0.008685579,0.01199806,0.028600624,0.8965249,0.006520888,0.0008818764,0.0053641135,0.0,0.0,0.0,0.0,0.0,0.0,0.0,0.0,0.0,0.0,0.0
24,0.00519825,0.00038203984,0.0039539845,0.008918835,0.0,0.0,0.0,0.00095632847,0.003050417,0.0012045429,0.00084661046,0.22273763,0.0012890463,0.0020622325,0.00739313,0.008375491,0.66631746,0.0059305183,0.054881174,0.0065023107,0.0,0.0,0.0,0.0,0.0,0.0,0.0,0.0,0.0,0.0,0.0
25,0.0055830367,0.00097043277,0.0041517126,0.014299867,0.0,0.0,0.0,0.0026092108,0.011243024,0.0014058071,0.0014308464,0.029615922,0.002294412,0.002165353,0.005273714,0.005533653,0.88908625,0.005256387,0.0133543145,0.0057260823,0.0,0.0,0.0,0.0,0.0,0.0,0.0,0.0,0.0,0.0,0.0
26,0.0068465737,0.0016889069,0.0021237875,0.00867389,0.0,0.0,0.0,0.0019223883,0.010647037,0.0029781274,0.02761049,0.0031791541,0.002572678,0.0017320586,0.01570174,0.028531596,0.86431944,0.015277366,0.004575435,0.0016192951,0.0,0.0,0.0,0.0,0.0,0.0,0.0,0.0,0.0,0.0,0.0
27,0.010022937,0.00058728916,0.0035229237,0.00701543,0.0,0.0,0.0,0.0043165684,0.0073912996,0.0022992701,0.010349438,0.1562347,0.0043175328,0.004796689,0.037241764,0.06472319,0.6310623,0.029192138,0.024931699,0.001994824,0.0,0.0,0.0,0.0,0.0,0.0,0.0,0.0,0.0,0.0,0.0
28,0.020253098,0.0011423217,0.0076585235,0.008220291,0.0,0.0,0.0,0.0050345496,0.009045234,0.010107224,0.004002928,0.020131305,0.00607443,0.016001662,0.007288877,0.005221599,0.84196264,0.0036836367,0.018912751,0.015258944,0.0,0.0,0.0,0.0,0.0,0.0,0.0,0.0,0.0,0.0,0.0
29,0.0033358329,0.0008891774,0.00595747,0.01570034,0.0,0.0,0.0,0.009198907,0.010075212,0.002153214,0.009406221,0.016106775,0.0034322669,0.006337196,0.031028772,0.016204976,0.84825426,0.0141865,0.0028340963,0.0048987768,0.0,0.0,0.0,0.0,0.0,0.0,0.0,0.0,0.0,0.0,0.0
30,0.006765691,0.011683624,0.009236508,0.035481505,0.0,0.0,0.0,0.022795944,0.019582765,0.009930136,0.015943829,0.00827896,0.010529892,0.043956544,0.00876529,0.033085957,0.7293581,0.021241285,0.0060635377,0.0073005194,0.0,0.0,0.0,0.0,0.0,0.0,0.0,0.0,0.0,0.0,0.0
31,0.0045607914,0.0012451735,0.0025960943,0.008702849,0.0,0.0,0.0,0.0068683513,0.007413806,0.0025076172,0.0054785525,0.0058408887,0.0050805905,0.007651832,0.011614395,0.030334104,0.8797855,0.01655213,0.0013820198,0.0023853495,0.0,0.0,0.0,0.0,0.0,0.0,0.0,0.0,0.0,0.0,0.0
32,0.14581697,0.004121434,0.005502437,0.092056,0.0,0.0,0.0,0.012707373,0.02761987,0.009218681,0.0043958626,0.015482458,0.051469523,0.029124029,0.3709306,0.14818946,0.027815238,0.012306772,0.033665456,0.009577775,0.0,0.0,0.0,0.0,0.0,0.0,0.0,0.0,0.0,0.0,0.0
33,0.05182589,0.0035007764,0.0044891024,0.047387794,0.0,0.0,0.0,0.016214313,0.014722175,0.004884163,0.015215149,0.5315874,0.023449192,0.02301569,0.105645046,0.047214463,0.023116238,0.0044356515,0.080033064,0.0032638216,0.0,0.0,0.0,0.0,0.0,0.0,0.0,0.0,0.0,0.0,0.0
34,0.20670773,0.0041176626,0.0035166552,0.055255592,0.0,0.0,0.0,0.010971931,0.005728941,0.0051831645,0.011670565,0.24357435,0.017566597,0.020103928,0.29632849,0.01871664,0.006626107,0.020636309,0.06960599,0.0036893121,0.0,0.0,0.0,0.0,0.0,0.0,0.0,0.0,0.0,0.0,0.0
35,0.28579128,0.009764114,0.009555537,0.10649147,0.0,0.0,0.0,0.028949901,0.049059514,0.01531182,0.025026722,0.035509113,0.03535816,0.02077681,0.18876806,0.015877184,0.048730005,0.016011173,0.10252486,0.00649433,0.0,0.0,0.0,0.0,0.0,0.0,0.0,0.0,0.0,0.0,0.0
36,0.06607149,0.03644245,0.014614618,0.077776015,0.0,0.0,0.0,0.038992375,0.032667883,0.014950961,0.026964933,0.10232264,0.12933286,0.070603125,0.03749974,0.03073277,0.26019835,0.024785759,0.022223609,0.013820455,0.0,0.0,0.0,0.0,0.0,0.0,0.0,0.0,0.0,0.0,0.0
37,0.0017765185,0.0036988559,0.0026168704,0.0018482276,0.0,0.0,0.0,0.0018460935,0.0023007805,0.00090662786,0.01104664,0.011955895,0.0016183532,0.0010161336,0.004384606,0.0031092637,0.9405592,0.002373371,0.007209772,0.0017327875,0.0,0.0,0.0,0.0,0.0,0.0,0.0,0.0,0.0,0.0,0.0
38,0.0033379903,0.00081840786,0.0026611525,0.007812484,0.0,0.0,0.0,0.00029206366,0.010121911,0.001131686,0.0026586023,0.01245374,0.012528217,0.0015399919,0.0073765456,0.0025412922,0.9284299,0.002207787,0.0037459303,0.0003422921,0.0,0.0,0.0,0.0,0.0,0.0,0.0,0.0,0.0,0.0,0.0
39,0.0036901508,0.0013809653,0.002255356,0.0019681805,0.0,0.0,0.0,0.00018622773,0.00020764119,0.0014157743,0.0012772992,0.028462207,0.004834745,0.00063193525,0.0011744426,0.001739952,0.94514567,0.0018621711,0.0027917873,0.00097552285,0.0,0.0,0.0,0.0,0.0,0.0,0.0,0.0,0.0,0.0,0.0
40,0.0048194206,0.024166599,0.0025704843,0.0022828071,0.0,0.0,0.0,0.0015097064,0.0011017433,0.0020680206,0.0016665087,0.022015335,0.008628718,0.0016142679,0.0040761977,0.0045827446,0.9124048,0.0043817703,0.001501711,0.0006092019,0.0,0.0,0.0,0.0,0.0,0.0,0.0,0.0,0.0,0.0,0.0
41,0.00093868666,0.0033030352,0.0011918974,0.0021335573,0.0,0.0,0.0,0.000914728,0.0052915993,0.0022250232,0.007314849,0.014357702,0.0031413105,0.003996652,0.0024950225,0.0018617149,0.89317137,0.0017614585,0.05392153,0.0019798118,0.0,0.0,0.0,0.0,0.0,0.0,0.0,0.0,0.0,0.0,0.0
42,0.0011843069,0.0012139637,0.001274355,0.0035095487,0.0,0.0,0.0,0.0034311097,0.00052058825,0.001982592,0.0010180182,0.007746323,0.00075797003,0.00030036113,0.0057093347,0.0026799,0.66154444,0.0015089565,0.30445367,0.0011645913,0.0,0.0,0.0,0.0,0.0,0.0,0.0,0.0,0.0,0.0,0.0
43,0.0035387652,0.00011076793,0.00024827232,0.00061664265,0.0,0.0,0.0,0.0004249572,0.0002743746,0.0006886144,0.036132347,0.1170396,0.00075069704,0.00038075508,0.007083824,0.00059461605,0.8315451,0.00019412168,0.00015985755,0.00021669593,0.0,0.0,0.0,0.0,0.0,0.0,0.0,0.0,0.0,0.0,0.0
44,0.012192762,0.0002510582,0.00033587517,0.0002997917,0.0,0.0,0.0,0.0005602332,0.00054951233,0.010000964,0.011511849,0.035725683,0.0003634363,0.00050475966,0.0028953254,0.0005301184,0.9132688,0.010773986,0.00010846773,0.00012742617,0.0,0.0,0.0,0.0,0.0,0.0,0.0,0.0,0.0,0.0,0.0
45,0.009789725,0.0012716794,0.002230287,0.0056522177,0.0,0.0,0.0,0.0028459134,0.003791619,0.0027264568,0.0015214949,0.034839187,0.01179788,0.011216355,0.0096007455,0.010635932,0.88085634,0.0050037126,0.0053556734,0.00086470175,0.0,0.0,0.0,0.0,0.0,0.0,0.0,0.0,0.0,0.0,0.0
46,0.0037036217,0.0023601255,0.0023132493,0.01056985,0.0,0.0,0.0,0.0028247056,0.0070671416,0.00437825,0.0037392313,0.08781239,0.0040597916,0.0057198643,0.03277123,0.026642062,0.77909726,0.004089941,0.016333932,0.006517333,0.0,0.0,0.0,0.0,0.0,0.0,0.0,0.0,0.0,0.0,0.0
47,0.02645942,0.003950763,0.0035268448,0.011686156,0.0,0.0,0.0,0.008552042,0.013925887,0.004207259,0.0041333027,0.17101884,0.012344562,0.008486467,0.0169377,0.026119424,0.6792967,0.005969566,0.0020930395,0.0012920797,0.0,0.0,0.0,0.0,0.0,0.0,0.0,0.0,0.0,0.0,0.0
48,0.018883863,0.0011452492,0.0024568704,0.009083095,0.0,0.0,0.0,0.0012961233,0.0040284162,0.0048161754,0.0017819502,0.0061512673,0.0062780646,0.0038847802,0.030825615,0.029737994,0.86294585,0.004873597,0.00739023,0.004420886,0.0,0.0,0.0,0.0,0.0,0.0,0.0,0.0,0.0,0.0,0.0
49,0.05220599,0.0028783837,0.0025931695,0.014622975,0.0,0.0,0.0,0.0076129697,0.0075693196,0.0028246501,0.0053363526,0.14234804,0.010273051,0.00428499,0.02332519,0.021886451,0.67687756,0.002467083,0.019213123,0.003680644,0.0,0.0,0.0,0.0,0.0,0.0,0.0,0.0,0.0,0.0,0.0
50,0.036395997,0.0017114226,0.0011794346,0.0075525944,0.0,0.0,0.0,0.003136932,0.003902202,0.002590489,0.0016347542,0.14126557,0.003497503,0.002301783,0.090195864,0.009913407,0.6892094,0.002042012,0.002259335,0.0012113064,0.0,0.0,0.0,0.0,0.0,0.0,0.0,0.0,0.0,0.0,0.0
51,0.044521898,0.0015571768,0.0031188915,0.0075379484,0.0,0.0,0.0,0.00493716,0.0029747924,0.005624415,0.0035031585,0.0053783753,0.009085435,0.0066361697,0.017256232,0.018098433,0.845559,0.004366391,0.016464142,0.0033804337,0.0,0.0,0.0,0.0,0.0,0.0,0.0,0.0,0.0,0.0,0.0
52,0.04336908,0.0017019645,0.0036628656,0.004011349,0.0,0.0,0.0,0.0031160943,0.0060012145,0.002029092,0.0031734603,0.018286705,0.0019759678,0.003628664,0.022841597,0.0032605364,0.86352354,0.004019433,0.011750079,0.0036483156,0.0,0.0,0.0,0.0,0.0,0.0,0.0,0.0,0.0,0.0,0.0
53,0.005272827,0.002512046,0.007619863,0.02352294,0.0,0.0,0.0,0.0036709912,0.025583891,0.0018134011,0.0036201125,0.054848067,0.016884362,0.0071039633,0.018397445,0.012040737,0.7940683,0.005113452,0.014987409,0.0029402536,0.0,0.0,0.0,0.0,0.0,0.0,0.0,0.0,0.0,0.0,0.0
54,0.0073494897,0.0044246237,0.0024257444,0.0022883432,0.0,0.0,0.0,0.0029815605,0.0030890359,0.003934262,0.001688804,0.08717124,0.0043764715,0.0034595528,0.004571121,0.0028173323,0.8566513,0.0049913046,0.0068280688,0.00095172075,0.0,0.0,0.0,0.0,0.0,0.0,0.0,0.0,0.0,0.0,0.0
55,0.0044086343,0.0022212786,0.0058287126,0.018358296,0.0,0.0,0.0,0.010864265,0.01426975,0.0029485733,0.0021215247,0.049102854,0.0032251945,0.0067533217,0.010976505,0.008432336,0.845489,0.006011269,0.0072374004,0.0017509798,0.0,0.0,0.0,0.0,0.0,0.0,0.0,0.0,0.0,0.0,0.0
56,0.012004566,0.0025140662,0.008017571,0.021255886,0.0,0.0,0.0,0.011124673,0.011742079,0.005244354,0.0066623087,0.025797458,0.029988183,0.025924105,0.0154452035,0.019009346,0.7853589,0.014020113,0.0035631391,0.0023280748,0.0,0.0,0.0,0.0,0.0,0.0,0.0,0.0,0.0,0.0,0.0
57,0.0013491441,0.0006801061,0.0012056124,0.003647409,0.0,0.0,0.0,0.0013761811,0.002388891,0.0010536623,0.0006605014,0.051651422,0.004322374,0.0023034213,0.0054087755,0.0031503462,0.91708577,0.0017019773,0.0011979488,0.00081644824,0.0,0.0,0.0,0.0,0.0,0.0,0.0,0.0,0.0,0.0,0.0
58,0.014079149,0.0016780983,0.0033041423,0.0075111296,0.0,0.0,0.0,0.0050157285,0.011748005,0.0022026312,0.0023677314,0.710868,0.0067315437,0.009383322,0.017075367,0.0034674467,0.1960214,0.004202951,0.003017162,0.0013262009,0.0,0.0,0.0,0.0,0.0,0.0,0.0,0.0,0.0,0.0,0.0
59,0.0073294905,0.0008052065,0.005339199,0.0118050445,0.0,0.0,0.0,0.00596409,0.015932208,0.0027742984,0.018123198,0.006037044,0.0023238326,0.0010639613,0.01073195,0.007343555,0.89784425,0.003489518,0.0005313445,0.002561813,0.0,0.0,0.0,0.0,0.0,0.0,0.0,0.0,0.0,0.0,0.0
60,0.0016104411,0.0019094537,0.003636046,0.010620828,0.0,0.0,0.0,0.0035283924,0.007937399,0.0011349228,0.0029155363,0.10009237,0.007664824,0.011706341,0.0050742542,0.008953431,0.8244007,0.005150569,0.00138256,0.0022818763,0.0,0.0,0.0,0.0,0.0,0.0,0.0,0.0,0.0,0.0,0.0
61,0.013154416,0.00094223936,0.002302588,0.0057645016,0.0,0.0,0.0,0.0040844376,0.0023819918,0.0079681575,0.0025681052,0.13993303,0.005770616,0.013851333,0.02559447,0.13162218,0.5993276,0.003961356,0.037098505,0.003674447,0.0,0.0,0.0,0.0,0.0,0.0,0.0,0.0,0.0,0.0,0.0
62,0.022853069,0.00039464777,0.0008970344,0.0060266065,0.0,0.0,0.0,0.004369803,0.0017188409,0.0030216523,0.0027373587,0.47623646,0.0033836842,0.009281657,0.022952698,0.039255213,0.35669333,0.005290776,0.04333192,0.0015551951,0.0,0.0,0.0,0.0,0.0,0.0,0.0,0.0,0.0,0.0,0.0
63,0.021516029,0.0015578928,0.0022294594,0.009730312,0.0,0.0,0.0,0.00456749,0.0038502377,0.004377556,0.005375237,0.23193465,0.006647916,0.0045346227,0.018723661,0.109287366,0.5481153,0.0074045416,0.006075732,0.014071963,0.0,0.0,0.0,0.0,0.0,0.0,0.0,0.0,0.0,0.0,0.0
64,0.038635496,0.00088777964,0.000910943,0.0042150067,0.0,0.0,0.0,0.0031219057,0.001027325,0.0025750082,0.0027464216,0.4439544,0.005194928,0.00588905,0.023431104,0.036871273,0.37452585,0.0021086293,0.05181481,0.0020901724,0.0,0.0,0.0,0.0,0.0,0.0,0.0,0.0,0.0,0.0,0.0
65,0.012329971,0.0023977535,0.0019980706,0.0033961432,0.0,0.0,0.0,0.0051577385,0.00235836,0.0025777125,0.0070078154,0.5823477,0.06075593,0.010058263,0.012700823,0.016098335,0.2527888,0.008863226,0.017290605,0.0018727435,0.0,0.0,0.0,0.0,0.0,0.0,0.0,0.0,0.0,0.0,0.0
66,0.053522862,0.0014046152,0.0029611099,0.008618495,0.0,0.0,0.0,0.005271201,0.005093888,0.006319411,0.003782764,0.20908499,0.009031887,0.00887507,0.027690727,0.12041831,0.21213464,0.02990967,0.28512937,0.010750919,0.0,0.0,0.0,0.0,0.0,0.0,0.0,0.0,0.0,0.0,0.0
67,0.04124989,0.001041442,0.0016678376,0.002430606,0.0,0.0,0.0,0.0032632593,0.0025878006,0.0019312258,0.0031635067,0.4500442,0.0253409,0.0035835158,0.061427075,0.008591157,0.3300297,0.0022746972,0.058076344,0.0032967855,0.0,0.0,0.0,0.0,0.0,0.0,0.0,0.0,0.0,0.0,0.0
68,0.010517089,0.0010421954,0.0014425898,0.0047487803,0.0,0.0,0.0,0.0046191923,0.0028830373,0.0025600926,0.0035140621,0.2811543,0.0036442948,0.0138519835,0.025417374,0.07337978,0.55500424,0.006804863,0.0083010895,0.0011150873,0.0,0.0,0.0,0.0,0.0,0.0,0.0,0.0,0.0,0.0,0.0
69,0.006183486,0.00096350955,0.0054273033,0.011461372,0.0,0.0,0.0,0.0014085541,0.007540676,0.001406094,0.007404757,0.04974941,0.0021143905,0.0014977447,0.02041282,0.029086445,0.83590937,0.0046013966,0.0053120987,0.009520497,0.0,0.0,0.0,0.0,0.0,0.0,0.0,0.0,0.0,0.0,0.0
70,0.0039989934,0.0027647102,0.004516313,0.011573192,0.0,0.0,0.0,0.012968879,0.015319237,0.0029846055,0.0026533569,0.018085117,0.027973177,0.041586578,0.008890955,0.0170688,0.8014207,0.008470691,0.0061395345,0.013585142,0.0,0.0,0.0,0.0,0.0,0.0,0.0,0.0,0.0,0.0,0.0
71,0.0060091545,0.007832805,0.0063974243,0.030432925,0.0,0.0,0.0,0.006847968,0.019844556,0.0034254494,0.009974655,0.14303623,0.011553454,0.026646126,0.027851539,0.07131771,0.591158,0.018929167,0.012196759,0.0065461476,0.0,0.0,0.0,0.0,0.0,0.0,0.0,0.0,0.0,0.0,0.0
72,0.009550034,0.0021294535,0.007092156,0.013830238,0.0,0.0,0.0,0.0039026437,0.0074997437,0.0022127177,0.0031873328,0.28837773,0.047576614,0.008398237,0.024324173,0.031406973,0.5262283,0.0030383952,0.011187984,0.0100572305,0.0,0.0,0.0,0.0,0.0,0.0,0.0,0.0,0.0,0.0,0.0
73,0.033029184,0.002806081,0.0024611037,0.009338456,0.0,0.0,0.0,0.0068024197,0.0079287505,0.003268501,0.0046625542,0.66984016,0.010084888,0.004613764,0.035462506,0.011242412,0.19224228,0.0027134402,0.0014858204,0.0020176517,0.0,0.0,0.0,0.0,0.0,0.0,0.0,0.0,0.0,0.0,0.0
74,0.001563614,0.0007029733,0.007547799,0.0044958685,0.0,0.0,0.0,0.0070799245,0.019628115,0.0012937535,0.00078753073,0.24191906,0.0019277947,0.07133238,0.004782794,0.003920475,0.62369645,0.0037880281,0.0051886546,0.00034471703,0.0,0.0,0.0,0.0,0.0,0.0,0.0,0.0,0.0,0.0,0.0
75,0.011615642,0.004776375,0.0139922425,0.0095849335,0.0,0.0,0.0,0.04501648,0.014418726,0.0040978957,0.001894392,0.18176559,0.0056590983,0.026025303,0.025690857,0.009278825,0.6248185,0.01600602,0.0037157352,0.0016434164,0.0,0.0,0.0,0.0,0.0,0.0,0.0,0.0,0.0,0.0,0.0
76,0.003960202,0.0015712533,0.004870459,0.0132721225,0.0,0.0,0.0,0.00300147,0.008273461,0.0027509108,0.003562298,0.36147913,0.018095415,0.019208852,0.014750434,0.021984013,0.5088922,0.0062372563,0.0034349542,0.004655643,0.0,0.0,0.0,0.0,0.0,0.0,0.0,0.0,0.0,0.0,0.0
77,0.007812688,0.0005532467,0.0036677944,0.010063371,0.0,0.0,0.0,0.0065942504,0.024705978,0.003554009,0.002682401,0.04033898,0.0017799507,0.0111274915,0.0029259627,0.0053767688,0.86789507,0.002848314,0.0039940504,0.004079732,0.0,0.0,0.0,0.0,0.0,0.0,0.0,0.0,0.0,0.0,0.0
78,0.0059460555,0.000744188,0.0025542954,0.010002845,0.0,0.0,0.0,0.004709078,0.006752499,0.0063786,0.00038260384,0.019310663,0.0008754227,0.0006024037,0.009109002,0.011323718,0.91250455,0.005184528,0.0021369488,0.0014826059,0.0,0.0,0.0,0.0,0.0,0.0,0.0,0.0,0.0,0.0,0.0
79,0.004614379,0.0016508299,0.0034226794,0.008421543,0.0,0.0,0.0,0.003003498,0.0071866727,0.0014050443,0.0019045211,0.019832553,0.009122609,0.0015334463,0.0103271315,0.013054891,0.90067375,0.005045844,0.008192206,0.0006085191,0.0,0.0,0.0,0.0,0.0,0.0,0.0,0.0,0.0,0.0,0.0
80,0.0024979871,0.00041566184,0.006629956,0.009922739,0.0,0.0,0.0,0.0013746186,0.008328294,0.0006198801,0.0011887278,0.10013625,0.0047520865,0.004816975,0.0062335306,0.015819963,0.76646787,0.059387278,0.008148787,0.0032593827,0.0,0.0,0.0,0.0,0.0,0.0,0.0,0.0,0.0,0.0,0.0
81,0.002184212,0.00021830971,0.00041449876,0.0011528095,0.0,0.0,0.0,0.0007907964,0.00037299495,0.0020869689,0.010892469,0.03350915,0.001389694,0.0011689663,0.012490015,0.0020470931,0.9280977,0.0014425073,0.0011326909,0.00060904963,0.0,0.0,0.0,0.0,0.0,0.0,0.0,0.0,0.0,0.0,0.0
82,0.0025290141,0.0004824454,0.0017011154,0.005433574,0.0,0.0,0.0,0.0010465764,0.012363607,0.0006177403,0.00080251717,0.21875511,0.005224009,0.0059691085,0.010825647,0.002818604,0.7043318,0.01672091,0.0076917117,0.002686465,0.0,0.0,0.0,0.0,0.0,0.0,0.0,0.0,0.0,0.0,0.0
83,0.0071182363,0.00033034914,0.0035699029,0.010640526,0.0,0.0,0.0,0.01254738,0.016276544,0.00035699175,0.0075161383,0.103097595,0.0059250295,0.0022984156,0.0039952737,0.012361613,0.7668108,0.040777426,0.0003616573,0.006016199,0.0,0.0,0.0,0.0,0.0,0.0,0.0,0.0,0.0,0.0,0.0
84,0.009826694,0.00027410995,0.0032022493,0.00765709,0.0,0.0,0.0,0.0011311341,0.010332238,0.0013771213,0.004216282,0.14883105,0.00043629273,0.0017448984,0.007148589,0.0045817294,0.7315993,0.009579167,0.01343001,0.044632014,0.0,0.0,0.0,0.0,0.0,0.0,0.0,0.0,0.0,0.0,0.0
85,0.0076629776,0.0010405517,0.0010468228,0.0033692264,0.0,0.0,0.0,0.0025523563,0.002362548,0.0016427548,0.008200154,0.16835147,0.01211114,0.0020621342,0.020099267,0.004051657,0.6767008,0.0058191787,0.081750326,0.00117671,0.0,0.0,0.0,0.0,0.0,0.0,0.0,0.0,0.0,0.0,0.0
86,0.0074448693,0.002092756,0.004695472,0.007847901,0.0,0.0,0.0,0.00418801,0.0029694065,0.002331125,0.004008772,0.029248295,0.009504536,0.003991447,0.007872531,0.0074793277,0.82729834,0.013556577,0.06364681,0.0018238816,0.0,0.0,0.0,0.0,0.0,0.0,0.0,0.0,0.0,0.0,0.0
87,0.0071804486,0.00088768295,0.004179488,0.004267681,0.0,0.0,0.0,0.0026052892,0.0038971833,0.0036221223,0.004184124,0.20650071,0.031816527,0.006660371,0.010573395,0.005126465,0.68334466,0.006223465,0.017753575,0.0011767899,0.0,0.0,0.0,0.0,0.0,0.0,0.0,0.0,0.0,0.0,0.0
88,0.0052079535,0.0009800915,0.0021854409,0.004103478,0.0,0.0,0.0,0.0012636106,0.0008752402,0.0035401522,0.003277115,0.04067967,0.0041105524,0.005871391,0.006257951,0.004817165,0.6574883,0.005644072,0.2502291,0.0034688301,0.0,0.0,0.0,0.0,0.0,0.0,0.0,0.0,0.0,0.0,0.0
89,0.0063700047,0.004736315,0.003189705,0.0038341521,0.0,0.0,0.0,0.0013016857,0.0010973011,0.0035359939,0.003441703,0.11834999,0.0051086196,0.008722473,0.009447845,0.0059884186,0.6944223,0.010888476,0.11868846,0.00087642757,0.0,0.0,0.0,0.0,0.0,0.0,0.0,0.0,0.0,0.0,0.0
90,0.0069924113,0.00075741205,0.004663062,0.015188986,0.0,0.0,0.0,0.0014350757,0.004462256,0.004840872,0.0063092676,0.03958107,0.0016026986,0.012561058,0.028577982,0.008831274,0.8375934,0.0074911453,0.002032512,0.01707953,0.0,0.0,0.0,0.0,0.0,0.0,0.0,0.0,0.0,0.0,0.0
91,0.002648925,0.0014793508,0.0013683093,0.0016675494,0.0,0.0,0.0,0.001595567,0.003315545,0.0011321765,0.00077061943,0.007986738,0.0019132902,0.004607061,0.004989335,0.0023012857,0.9578867,0.0024609833,0.0032159956,0.0006606573,0.0,0.0,0.0,0.0,0.0,0.0,0.0,0.0,0.0,0.0,0.0
92,0.0037378913,0.0034855825,0.0031425452,0.007058653,0.0,0.0,0.0,0.008755277,0.0018163706,0.0025576989,0.0015450447,0.024507847,0.0037865543,0.0063436395,0.003533965,0.0063932096,0.9031717,0.008094988,0.009277456,0.0027915202,0.0,0.0,0.0,0.0,0.0,0.0,0.0,0.0,0.0,0.0,0.0
93,0.011977962,0.001205051,0.0014712071,0.0034674795,0.0,0.0,0.0,0.0027305507,0.0037260123,0.0013157943,0.0028155488,0.11652728,0.0365406,0.0077112783,0.021181073,0.0021853466,0.7791521,0.003990286,0.0030927863,0.00090963393,0.0,0.0,0.0,0.0,0.0,0.0,0.0,0.0,0.0,0.0,0.0
94,0.034208834,0.0017925273,0.0021092999,0.005767298,0.0,0.0,0.0,0.0044336095,0.0061746486,0.002193872,0.005767126,0.12174608,0.015148486,0.0032442647,0.03946552,0.0046178265,0.6709583,0.0036844534,0.07633468,0.0023531094,0.0,0.0,0.0,0.0,0.0,0.0,0.0,0.0,0.0,0.0,0.0
95,0.011141768,0.01359738,0.010833433,0.020764943,0.0,0.0,0.0,0.01178844,0.013112478,0.012440441,0.013664625,0.29998544,0.055622026,0.062335897,0.022186553,0.015124861,0.3945321,0.018114135,0.0089220125,0.015833484,0.0,0.0,0.0,0.0,0.0,0.0,0.0,0.0,0.0,0.0,0.0
96,0.011497284,0.0002857192,0.0007031282,0.0008948589,0.0,0.0,0.0,0.0011989205,0.0008747836,0.00042922457,0.00049232517,0.60720015,0.0020070113,0.004454857,0.0033051635,0.0011278294,0.3056498,0.0008319686,0.058602903,0.00044408793,0.0,0.0,0.0,0.0,0.0,0.0,0.0,0.0,0.0,0.0,0.0
97,0.022646045,0.003908868,0.0023068618,0.0033329064,0.0,0.0,0.0,0.006033199,0.006051223,0.002082914,0.0029959204,0.07913632,0.03866632,0.011478762,0.072765425,0.004497953,0.72914135,0.0045384937,0.007953354,0.0024641114,0.0,0.0,0.0,0.0,0.0,0.0,0.0,0.0,0.0,0.0,0.0
98,0.016735049,0.004209933,0.0027009062,0.0046856245,0.0,0.0,0.0,0.0042793616,0.0051145684,0.0018498712,0.0034426819,0.18573755,0.011389155,0.005819934,0.016523924,0.0046548373,0.70420885,0.004516074,0.021683065,0.0024485956,0.0,0.0,0.0,0.0,0.0,0.0,0.0,0.0,0.0,0.0,0.0
99,0.023025308,0.0006097291,0.00073672994,0.001604754,0.0,0.0,0.0,0.0010889247,0.0013276285,0.00068845635,0.0011077876,0.09167329,0.0042393054,0.0033968424,0.029680492,0.0023887688,0.80426764,0.004511808,0.008473333,0.02117926,0.0,0.0,0.0,0.0,0.0,0.0,0.0,0.0,0.0,0.0,0.0
100,0.018854866,0.001034587,0.0009744347,0.0018898392,0.0,0.0,0.0,0.0021132017,0.002046926,0.0011958083,0.0026220258,0.046978366,0.0043433504,0.002345899,0.0087479465,0.002712327,0.66471106,0.0028060558,0.23579314,0.0008302069,0.0,0.0,0.0,0.0,0.0,0.0,0.0,0.0,0.0,0.0,0.0
