건물번호,일0,일1,일2,일3,일4,일5,일6,시간0,시간1,시간2,시간3,시간4,시간5,시간6,시간7,시간8,시간9,시간10,시간11,시간12,시간13,시간14,시간15,시간16,시간17,시간18,시간19,시간20,시간21,시간22,시간23,km_cluster
1,0.35447936255203943,0.7334103995250897,0.1673011068803184,0.28835660918974676,0.7576384426744919,-0.14970084782972462,-2.151485072991954,-0.9258077155460676,-1.0076582232380693,-1.1207545678913335,-1.188823883265055,-1.1790878616032126,-1.0493000107259445,-0.7939710478585084,-0.434737803897727,0.006218932157652704,0.4294376639147695,1.0785950537836069,1.3360777593896245,1.3552460697629964,1.3822644962976331,1.371285930748148,1.2934474592089134,1.2130797205561656,0.7939669060455492,0.23624141784676053,0.04972729668563171,-0.15748760564362926,-0.665690816898247,-1.1539277284827618,-0.8683414413468993,7
2,-2.2440494277349496,0.36449050195191274,0.3610296488976608,0.3964948494103177,0.38824577297375773,0.6157724017246824,0.11801625277662145,-0.9132271192372646,-0.9274137350977659,-0.9471998656919919,-0.9971756451781442,-1.0338354515840191,-1.0909664120914024,-1.0804303085987437,-1.1872630391893664,-0.16533171250542572,0.37421047985648187,0.8247482308431151,0.8143623905714085,0.9474072142052191,1.1510448151411437,1.1869798224812487,1.2993811312601058,1.238458234176925,1.1490118421517892,1.0794355513443512,0.6590874492496458,0.2906773875264711,-0.2712540247573374,-1.5570829234855947,-0.8436243113908363,4
3,-2.135504680786132,0.18722820894188014,0.06784638508091437,0.34138204484897283,0.7786504265335049,0.8206654750580435,-0.0602678596771789,-0.8795272709481122,-0.9774215226837653,-1.0247739012150272,-1.0815469063967234,-1.1384466464660934,-1.1316367585017442,-1.0867261388063343,-0.852114514744226,-0.6007612120203829,-0.2945866213850229,-0.09583252154214505,0.027020054072774302,0.16306573149455708,0.3659133682093049,0.624752478298426,0.8802415628566977,1.0454531624285237,1.2074625938384533,1.7412699407213394,1.8718448954918618,1.5527855912763113,0.7733237871186557,-0.32752924318775095,-0.7622299079095698,4
4,1.1858285507048,0.13030755169246994,-0.41009822146765046,-1.5819259540418913,-0.8499212995035522,0.8622701200665808,0.6635392525491973,-1.01047483369108,-1.0320123935226564,-1.0193646908591305,-1.02948669144296,-1.0296440680163148,-1.0133268042765124,-0.7938517381475053,-0.42284222414272526,0.2836557597247197,0.9119068790106855,1.3058319574771493,1.4529752151110182,1.4060923500632783,1.3429689903359088,1.2113676289340933,1.1924862785845076,1.0729338211768678,0.6902554100257702,0.13883476616108792,-0.4221321103361239,-0.6142428449664135,-0.769304831157142,-0.8551134481656758,-0.9975123778808445,1
5,-1.060514670030946,-0.9473777304302488,-0.6690897046040838,-0.43937736480050216,0.7915041840102373,1.2260501453810344,1.0988051404745087,-0.9767008875629206,-0.9752477587680386,-0.9944026383369335,-1.0025621766912238,-0.9862475034032339,-0.9216669370222199,-0.8622207590497877,-0.6451717547209609,0.056535333486220696,0.6558056484954248,0.8228185846538258,1.2269425093516022,1.4653789274887323,1.5716466766004882,1.2706420552922255,1.1761490528396015,1.105240771069966,1.111577293299768,0.3103617065873257,-0.10164874438812654,-0.20759504379677218,-0.8050071153167643,-1.1302129361906936,-1.1644143039174994,1
6,0.7367354378793324,0.031032423864534052,-0.21599224492773914,-0.1610626415063533,0.4159881082083447,1.1595369515747675,-1.9662380350928648,-1.0466822165597998,-1.243504859196897,-1.2755033475823008,-1.2832392866847606,-1.303958827852607,-1.2420193212031458,-1.0209304154381205,-0.7065720067354185,-0.34791114121406735,0.29614385597681897,1.0357709399956974,1.1514423558791436,1.195484843548886,1.1979285535486073,1.2493504512023093,1.2544272772959544,1.1719427801929123,1.131220469939204,0.611107621411975,0.2883150707497498,0.0725295356224167,-0.1616878121623859,-0.3914411182759659,-0.6322134024581959,5
7,0.16202979059108077,0.6677346692174863,0.4481642646864511,0.6892955822197016,0.7366333622689737,-0.7801573358983215,-1.9237003330853848,-1.3616111267462685,-1.36680262254851,-1.38001266632253,-1.4192087451902775,-1.4134118604386,-0.8339289890649851,-0.22552451731452772,-0.016111341758110347,0.4610779308102847,0.8305136815955247,1.144893305281088,1.071966781740033,0.9406145133618709,1.0283330876485868,1.0461121046258994,1.015334358885219,1.0948973160040576,0.9166902274261298,0.4199114822486172,0.37813393352100927,0.349200910711158,-0.4700445407217454,-0.964727269442247,-1.246295954311665,0
8,0.35898655973175214,0.5322147767159122,0.2504759205027293,0.3972922250095567,0.5449847251471333,0.16194479243248067,-2.245898999539553,-0.42904657879036173,-1.2934766025200903,-1.1822403045582432,-0.7082122839479875,-0.02977983495430769,0.20370742219198154,-1.152627358410337,-0.6401363764185158,1.5699671782809683,1.9615619455167923,-0.08315971053171159,0.0010995027245391655,-0.3474526779422535,0.44477830304099164,0.6402738142590847,1.325185475736646,2.024763718200438,1.108352739770505,0.05361057480978466,-0.18480971911400038,-0.31283306760226187,-0.6309034986289922,-0.9915600262542995,-1.3470626348583428,0
9,0.4118334041007735,0.5646415697131628,0.08209833014661515,0.4262339280472627,0.7190133101297337,-0.011551381374743265,-2.1922691607628346,-1.0047696111267383,-1.2587641205342162,-1.3715646896871645,-1.4274329451542525,-1.4337653046516388,-1.3128127324675725,-1.117389948920155,-0.8268465993922952,-0.3227845446225164,0.29939837039407385,0.8936939485108444,1.0751765295960358,1.0556006311607657,1.0161646233001953,1.0318412855917547,1.078139949065255,1.050079312781271,1.0382741587319562,0.9009343967812551,0.7376101251688647,0.5346002945827073,0.20213235803766916,-0.27820501103993156,-0.5593104761061701,5
10,-0.745172001701902,-0.09596394125446267,-0.2887457672422356,1.1078451195540648,1.520437474446098,-0.16162833362395293,-1.336772550177605,0.7207880508433604,0.6306687103520603,0.45967975595386806,0.36938912422952397,0.3226064656985401,-0.8835155618987725,-2.149226786685882,-2.362020877901875,-1.195749251874676,-0.5379909169828805,0.6908221610154188,0.9351942948409462,0.2899502959163042,0.30006655462082804,0.07364977240033918,0.04813745463155767,-0.3347589069527409,-0.7611934695950586,-1.3349787964753939,0.380603662016512,1.2724667327060382,1.1586588222801366,0.9760321399897913,0.9307205708720152,3
11,-0.480342002751412,-0.2823636050760905,-0.20056314729533092,0.714427292310468,1.6320430633539789,0.17981257131521608,-1.5630141718568296,-0.7616679542004972,-0.5756411464511166,-1.0347726447496348,-1.0818324867360902,-1.1401369839674855,-1.1862319880600591,-1.1690366572182918,-0.7772518542142607,0.6173480745376541,1.2394108892199363,1.1328392397579083,1.0526112008539894,1.2838489989188258,1.359742844561217,0.9896391108794136,1.4021451968190863,1.3372181735202544,0.5526433175599268,0.005049823462050097,-0.3427717115290861,-0.504884683730605,-0.6579049427960548,-0.8194218371364309,-0.920941979300643,7
12,0.7466633377882287,0.5565356440172068,0.12566187872757834,0.15938778368300366,0.587157962342458,0.0033088733066358434,-2.178715479865111,-1.3747274209691183,-1.353445937976373,-1.4253990611387959,-1.372823952620776,-1.0912217147945913,-0.6531160064284015,-0.27882445311447873,-0.1455513748045143,0.06520346815709074,0.16758179096703021,0.47463597559426474,0.9970547289179537,1.0103083215290938,1.0727996418140773,0.9987107968708878,1.0458279497269487,1.2330545101864923,1.2696546217438855,1.110081366705756,0.8146297557243883,0.25248051849324815,-0.4333941613801724,-1.1189406570556042,-1.2645787061483047,5
13,-0.042235552018636977,0.18749345001169682,0.9891591798245554,0.7455722464968079,0.4837661438467849,-0.34490435696298155,-2.018851111198266,0.9737583798311693,0.7150524767840448,0.597039635553346,0.5200278111417252,0.51058005547128,-0.5917375382501626,-1.611464365784256,-1.9737311277234586,-1.3290689863527763,-0.8186659010822988,-0.20997251497922254,-0.16368692265902282,-0.34986658262173975,-0.3339147340268314,-0.3714113904340191,-0.30475845539993557,-0.380999320520942,-0.6501201827121943,-0.985543543896344,1.2414915152993153,1.620228771174384,1.4736203489826907,1.323731845445474,1.099410726759781,3
14,0.06191794613216627,0.5110700313523011,0.6452606630896937,1.1231938442025546,0.2719904774502157,-0.7737750621168902,-1.8396579001100384,-1.2796976173725345,0.4765371336781173,0.47734847518871004,0.17120227852499287,-0.04611431578199437,-0.6949662492988739,-1.6856634059455582,-2.53472000372783,-0.7253300906801543,0.4450423314032838,0.8221686171906885,0.36725189081189225,-0.9625368450498578,0.47744681961423713,0.7824866414907832,0.69301780036813,0.6638340920931659,-0.0009496383589901281,-1.6228950763533274,0.40860572174574955,1.4718318922181606,1.0020159853721136,0.8657597838052717,0.42832377906379426,3
15,-0.23613456006304656,0.7643881664578129,0.6229981209589319,0.6640043263753902,0.7335814709389971,-0.6642980126965501,-1.8845395119715296,0.5958918659223563,0.7054101394277968,1.0477794628504742,0.6535592346501383,-0.27818824226242755,-0.8423018322623981,-1.9200095098781145,-2.3050510820600825,-1.7000650426808679,-0.6331818269337196,-0.11132983628012533,0.13863053644241458,0.16564677633429964,-0.20424889054787063,-0.07510285838448556,-0.3923166970675523,-0.2749511699371802,-0.15056931260332307,-0.15644031592859944,0.524111631824142,1.114542074434626,1.3436523648560894,1.52816548739522,1.2263670426891766,3
16,-0.7277748434007549,0.5948186963159953,-0.7755615243920547,1.2563278672092562,1.259504647904854,-0.9748249514493447,-0.6324898921879409,-1.547095538558793,-1.5689565288261251,-1.5638749153790361,-1.5748669560934094,-1.439556945388441,-0.14440200257494223,0.5702981049111707,0.7311823559194952,0.8017361581233066,0.8491816462907792,0.8509562105345141,0.7948389500453438,0.7695067890261048,0.7500235096934417,0.7485238490435342,0.7699622263233403,0.7951528325069529,0.7752264249931954,0.5761982745816714,0.5467630748485931,0.34924894572247533,-0.39139467555123936,-0.9995881041035308,-1.4490636860884047,0
17,0.4912687399819039,0.7937924615086439,0.505661581785415,0.6018845680503802,0.5195741193245829,-1.445316689091185,-1.4668647815597378,-1.316461100174699,-1.3698599966841607,-1.3777150815094357,-1.3747246238359347,-0.920186257679852,-0.2947773961420275,0.13480315534819826,0.4318739512759323,0.944840110928001,1.029409208581103,1.0193066137440334,1.0348898476131863,0.914767530952911,1.0681619559605489,0.9248701257899796,1.0114440621080885,0.9766599245999676,0.8760147835734643,0.7278508594404508,-0.44037273740441973,-0.7545985308474287,-0.9832360069808233,-1.0871366774596265,-1.175823721197462,0
18,0.5365037034394492,0.8593597382840172,0.3267472771697956,0.5737736061694116,0.5950611951733302,-1.4047455842141758,-1.4866999360218311,-1.1702687896008253,-1.1839973136822322,-1.1961149392074706,-1.2088904812222336,-1.1934274500320803,-1.1652486874171217,-0.595253765129249,0.35109730077517104,0.8755683893606254,1.0912693009806662,1.046004646501394,1.1291613034046017,1.0473523784617529,1.1784252926656484,1.1552387206257466,1.1228572672231598,1.0059116143670492,0.8402203306961832,0.17677335528721352,-0.021183747978989753,-0.4775106377403819,-0.7428104779252266,-0.9716537698450979,-1.0935198405683175,0
19,0.3020956762959278,0.852456195590991,0.4961947631418027,0.6865702093028969,0.5373649581616516,-1.289337673854071,-1.5853441286391947,-1.2338029236662211,-1.2411337285559283,-1.246164602069665,-1.2678926151790288,-1.2699607424478148,-0.8997261200042105,-0.4623697207740201,0.24230389924907017,0.699240501657994,1.0699314884376172,1.1041855757451902,1.128556195920225,1.0860599835828075,1.162892179296916,1.136165890126389,1.1320622330413899,1.0488481805013599,0.9843812851298699,0.14708311834472304,-0.16415373688127335,-0.41499113442903124,-0.7326569316902202,-0.9462535506431321,-1.0626047246930082,0
20,0.5179443821291367,0.7523214464104475,0.5154180874784995,0.6246795504341822,0.5062747120309518,-1.467332871082232,-1.449305307400985,-1.1146680097168138,-1.1282316062848625,-1.1346697470548148,-1.1291451262589773,-1.123846710409111,-0.7000604443221057,0.31414683132068794,0.6527147341081204,0.8629113300568377,1.0690275367878432,1.1067863623845915,1.0493912074394878,1.02931986857965,1.0924832496470216,1.1097009261115296,1.1325998267960087,1.1691145251899147,0.8255266126399654,-0.40906518171048406,-0.7387066893222793,-0.858308204409491,-0.9518700501393135,-1.037836629798638,-1.0873146116347456,0
21,0.4336060211639954,0.8250704826690923,0.5794986388991216,0.6492719209343876,0.41151108035752054,-1.4137629161448806,-1.4851952278792393,-0.8518096050902185,-0.8647279294568817,-0.8755490148952746,-0.9404116828395311,-1.149825752726514,-1.1705369663638763,-0.515227550772332,0.5630453771381791,1.047050002984929,1.2397634409165754,1.1599137243479423,1.1315299079628836,1.0271467966363526,0.969962841728019,1.1070037985486394,1.187770410867906,1.1170850690894314,0.86015955222778,-0.3452682386691863,-0.6679775886016172,-0.8510790731305001,-1.042421808905139,-1.248418817606885,-0.8871768933906768,0
22,0.5363010082012618,0.7214707441539591,0.4091348840309423,0.6607006858555082,0.573720908417946,-1.2926514377622134,-1.6086767928973984,-1.2151601580244522,-1.2704417977438134,-1.2940640514209965,-1.3221307633944566,-1.3128792059921468,-0.9702679758473619,-0.0782306184047929,0.24041258426746312,0.7315884773102306,1.032597216419835,1.0472040508964082,1.1132215452859062,0.9512391724270538,1.175545163520244,1.2452396670504953,1.091496830729526,1.0930570295621849,0.9621689977628728,0.15176799005080238,-0.28369615440522145,-0.4800956701618188,-0.6794553469468674,-0.8789499598471716,-1.0501670230939266,0
23,0.4894414862025372,0.7579650532728249,0.5660114484365549,0.6484646805338459,0.4505483021875011,-1.4345388160163486,-1.4778921546169188,-1.147955364328946,-1.1580518523692696,-1.1717986806118434,-1.1602717793624953,-1.1603739517345697,-1.0576721410060914,0.32970792258081555,0.6900141484981852,0.8890366408992953,1.0400195416310851,1.0609370127137052,1.1095060430383137,0.9206171922673719,1.1621526798483905,1.0878919421461042,1.0441528785013183,1.1006077582704858,0.9238124009940251,-0.3121296303854951,-0.5431878056302801,-0.7128589620540019,-0.835883786427583,-0.9952726868617572,-1.1029995206167431,0
24,0.4665846346456631,0.8017396287978737,0.46114722704617417,0.5816591971024705,0.5473651933036591,-1.1103277667745117,-1.7481681141213306,-1.0287103425892,-1.1415518777404792,-1.1837640222182897,-1.2275654195858436,-1.2623076174839098,-1.1803870506600649,-0.9996992257171624,-0.697699956850362,0.39462820944845617,0.8290911723444129,1.0631464451900587,1.1846487215935115,1.2066524698162489,1.2870143169470798,1.3551644120461561,1.3113462214204008,1.0793443060547807,0.6833989708324274,0.3863995129299969,0.10056604507135374,-0.14168281111651201,-0.5254744073808955,-0.6732321796515964,-0.8193258927005682,7
25,0.373208225843462,0.7885677481635837,0.5020063439765927,0.577223511187048,0.5705069255393423,-0.9722249261186604,-1.8392878285913692,-1.003779411905826,-1.0606861657630111,-1.1034629396256943,-1.1274470037002426,-1.1509893354785523,-1.1800949492297395,-1.135701035240579,-0.9480357046458984,0.16869444332820785,0.8639167264834217,1.0993923977238513,1.1633817745135693,1.039129932677956,1.326103591214958,1.3150599202433122,1.251510094355777,1.157799587125545,0.7977870385595813,0.5304735575134505,0.2613575178461244,-0.04252085392397715,-0.6160373456720205,-0.7564565895499746,-0.8493952468502357,7
26,0.5400727660112226,0.8143428261879593,0.5450492659057086,0.5924723998729946,0.4134865843911903,-1.4009919318248112,-1.5044319105442652,-0.8893245489035586,-1.0357076610790612,-1.1140809892096475,-1.158052026258853,-1.1735427974184873,-1.1719843697364316,-1.101192792279046,-0.9817782711415196,-0.4851697059776146,0.6144412822041452,0.943978607713256,1.010087109986064,0.9427318655676126,1.2959027468750994,1.4323352983006759,1.4803894158768667,1.4424339096803969,1.1173225187883242,0.35173712783999667,0.026571191979051886,-0.0635604730126463,-0.26351453675881636,-0.5095513070633778,-0.7104715959724237,7
27,0.5622776552923593,0.8023258830869496,0.4033721917533437,0.5850543948669211,0.5546486535649667,-1.444191148615289,-1.4634876299492594,-0.8939174313445678,-1.0291121691733736,-1.1692030432978773,-1.2628085208257567,-1.334709189019996,-1.3654320955478485,-1.2262758115424666,-0.38737656133359666,0.3079026908681135,0.6839915191771667,0.9494220875609292,1.0814573528228513,1.1424567944783788,1.307872271009837,1.3912530536523964,1.4321518331936731,1.356401211672902,0.7211868110075945,0.12908212322507107,-0.19645514401386308,-0.20086306159061798,-0.2852412053304488,-0.4271175650556646,-0.7246659505928327,7
28,0.4562693259185474,0.6433102048372589,0.3521822017326434,0.7469269620387966,0.6960027176059834,-1.3424669091473018,-1.552224502985923,-0.8304927469849877,-0.8931698394632149,-1.007292594028736,-1.0419733128321789,-1.1057363409915024,-1.1933077518323807,-1.2083680789474989,-1.0676983070943133,-0.3880496695855272,0.9378951027803806,1.0699076742436346,1.3802429985663578,1.0394019671224928,1.5653020137982019,1.3712050717224962,1.5083790824986885,1.0257909963944947,0.6930533814075718,-0.03143444892542599,-0.06868939772987243,-0.264607769772675,-0.32029334009691507,-0.5399465453926721,-0.6301181448564137,7
29,0.5773638839221527,0.9213408758471722,0.5293611869245637,0.6024474244300992,0.2388152506282473,-1.4116460911911024,-1.4576825305611303,-0.886761251702842,-1.005262152148413,-1.074022548583427,-1.103946515460649,-1.1470649103286592,-1.2213395818579362,-1.1322087312654459,-1.0461711027066456,-0.6192255528292449,0.6668888679992712,1.0010128617188332,1.1287996520522596,0.9335221177885928,1.2134182572233727,1.3250978873491768,1.4597681858702514,1.4985672727073147,1.166926569916208,0.228977005801225,-0.001178629622997726,-0.09087584481320611,-0.2450950576357269,-0.3968932173976736,-0.6529335820736359,7
30,0.6489680644572597,0.8693044358168959,0.49286354488408785,0.6369879942207245,0.22122871321350615,-1.5015617916403718,-1.3677909609520995,-0.669305216562702,-0.7818482768920472,-0.8671896160395709,-0.9509212985047834,-1.0090313814854912,-1.1869205961196976,-1.4378055261728715,-1.672682494357916,-1.1539300178785543,0.5280726101823354,0.5365934533538383,0.12038644478249007,-0.14062898512449998,0.9536569764900875,1.2415935452214302,1.4131327380813796,1.7936614847768995,1.482805767688235,0.48749154079707785,0.5532216499068957,0.6174750097668846,0.39039527762092735,0.0852841151140928,-0.3335072046444548,7
31,0.5440639515664185,0.8382232036973658,0.5078963958085088,0.6631823329720591,0.3374809325630274,-1.370537884470328,-1.520308932137054,-0.9117857688090555,-0.9823160969403958,-0.9891192604755416,-1.1089865225155662,-1.302484731458608,-1.3323570585861821,-1.2096971399098162,-1.0398980171087528,-0.5139546830707021,0.6453197814248839,0.9518470931756081,0.9365539735004097,1.1132262512310136,1.3773737736758653,1.3310884645627812,1.4231411464704318,1.346556562723967,0.9472556577033291,0.21102317920699548,0.1101445824661992,0.3579701117382531,-0.24006435852613445,-0.5413983088127866,-0.5794386316661987,7
32,1.2729158136758845,0.32030768027539824,-1.8186342979153918,-0.6500985602996391,0.2579065684380991,0.6894567990588767,-0.07185400323260041,-0.06556030304460533,-0.35582438169165087,-0.6985543087638151,-0.9416930224384603,-1.2611830434968039,-1.6575525516209946,-1.7604302163739918,-1.6664729195858932,-1.193458670921252,-0.4121048611543715,0.024112869655097853,0.3945428867234941,0.590556235425714,0.7710176268207232,1.1798287007906876,1.3781895147468242,1.3338811080791089,1.2437384423286375,0.9069945516539759,0.6152633072232199,0.5785841626307339,0.5307545580821434,0.3791669893103246,0.08620332562125475,6
33,1.489402160373023,1.3350913466264909,-0.783696977020708,-0.9527695077096946,-0.1444360946482544,-0.39690250871773713,-0.5466884189031197,-0.1615299647112233,-0.5788306741208175,-1.0013294175835277,-1.2646542158346825,-1.5416080058104689,-1.7188482888894916,-1.6313691792152922,-1.3068090041921787,-0.7068164150137308,0.010385502996325959,0.4460061129101566,0.6867638364917618,0.8044168999376353,0.9391854413632548,1.3000684640989069,1.3427303777298598,1.3191490525133422,1.1981362841307117,0.7762080566006507,0.41164837563230733,0.3232184060703593,0.2474031776860476,0.16556583667925592,-0.05909065946954417,6
34,1.2205597405591502,0.954363807025493,-0.995533504368394,-1.3802997165027837,-0.6077023997440592,0.3456526952281756,0.46295937780232577,-0.5982451758645799,-0.8901802177764766,-1.193358674310187,-1.3931152158012277,-1.5591415134268174,-1.6402953427010016,-1.1940149047355746,-1.0238324810824608,-0.5458342392228159,-0.08362927626776936,0.3069153242338856,0.6285557300687771,0.8837418681584024,1.008600643764042,1.1433028757506747,1.2280440980170122,1.3476967789145171,1.3395157729445655,1.0823609435787491,0.670379482514115,0.4647606158895334,0.05264790873981237,0.10667754709754827,-0.14155254848286475,6
35,1.1670118379232892,0.6879540089218352,-1.287770079636152,-1.325869627205053,0.2874588705364386,0.7623266893717596,-0.29111169991211777,-0.7990370025277612,-0.7199359064069808,-1.0362511126531788,-1.1091097321916938,-1.4445090811321988,-1.5684668304082696,-1.347037268212248,-1.00637640329527,-0.45329297810808883,0.3345075665716131,0.6401213843911099,0.7761181956472083,0.7630981730613884,1.0317030225718193,1.2566105360065536,1.3775362252283694,1.3499801500296023,1.4131183417471855,1.052749086477688,0.5167878827732517,0.1016631900537537,-0.1618584999540056,-0.4048691954772312,-0.5632497441925475,6
36,0.7694386923755413,1.421135759496021,-0.2981957589305281,-0.43324729666016853,0.6830864455609105,-0.6524458177055529,-1.4897720241362706,-0.6778982216162702,-0.8305017524244029,-1.032977969624037,-1.1168391023054052,-1.2267656988644529,-1.568028071747639,-1.4517477791479105,-1.0619523545805796,-0.42631482357216577,0.10620911024610713,0.46056162798415207,0.760180499106817,1.0110366668811994,1.1446939353993646,1.3909570698913396,1.4554126369545142,1.4682348548679138,1.3083207460852777,0.7422676693054008,0.31324008545081494,0.1803100472023471,-0.053896374923296075,-0.3554290099136184,-0.5390737906553721,7
37,-2.12438290408615,0.3203544610439975,-0.0547696600550255,0.009596416946869019,0.21635474098916097,0.8426393277580636,0.790207617403107,-1.141408925963492,-1.159953321288537,-1.1636416993734542,-1.169982616549182,-1.187435424600924,-1.2084381392053847,-1.0236559719789484,-0.19649897189002416,0.41136587781811845,0.8195547780963705,1.0633617846710053,1.0750635283075516,1.0938237234230355,1.0865458754904853,1.0778851105675396,1.0632251114703943,1.0586393659235687,1.0376204663348247,0.7729869816512543,0.6110885838692709,-0.16085963649904864,-0.6317221909155025,-0.9670085269887513,-1.1605557623701788,4
38,-2.193281290721015,0.36663863899154125,0.032929348403328236,0.027297090944834335,0.5253826764392092,0.6803278858437447,0.5607056500983594,-1.0365493975215347,-1.0344297437618635,-1.042107482065157,-1.0740304287378908,-1.0990355801429148,-1.0811279763395445,-0.9487270344445021,-0.8007552690873562,-0.34594093051026953,0.7610629282182786,1.1249279249981456,1.1352058431023457,1.1293523240296677,1.1321251372602037,1.1094354094835033,1.0697795529990373,1.0398481198083116,1.0274558871226762,1.0071634503739155,0.8332984502984998,-0.10377716244060455,-0.7810483622184715,-0.9836826343552549,-1.0384430260692177,4
39,-2.1444584823715154,0.06024191266073878,-0.04691337505972098,0.11281494765031827,0.6342614452974383,0.7984480003536697,0.5856055514690964,-1.1343331989981509,-1.131052062972355,-1.1569886620334076,-1.1593775593153466,-1.1476551046667955,-1.1525151332162824,-1.1036188053732205,-0.5152922021313474,-0.2480810892937333,0.3776126370088314,0.965762437181645,1.1172991141624766,1.123483109880267,1.1290174571117473,1.1146511798258698,1.1001738866594197,1.0687111637654478,1.0589582130722306,1.0213114944604684,0.947942332500193,0.12229255849026698,-0.5800062371062845,-0.7717758915462782,-1.0465196374656691,4
40,-1.9328494885093417,-0.04525995030025537,0.026659546244740293,-0.16887189880252407,0.010862322081130816,1.1171329626652369,0.9923265066210045,-0.9694625103873565,-0.9817557687535277,-0.9758704114323238,-0.9886181672879595,-1.0342425254394225,-1.0407313116308199,-0.9968710200062623,-0.8990744585161328,-0.5105484351493181,0.5193043592413175,1.1522075200154827,1.1577282522321444,1.1695053863306184,1.1716045484641628,1.177023853274984,1.1444168681339237,1.1151313095613529,1.0977808037064771,1.0286471135505277,0.7497705353538937,-0.46596274498931545,-0.834918414593671,-0.8636801455512654,-0.921384636127512,4
41,-1.811306892771784,-0.020554360777740956,-0.09281879874321947,-0.10011380265669388,0.066403821092581,0.3554757187832947,1.6029143150735572,-1.0082057401770221,-1.1345009434256004,-1.2326450318411277,-1.2653884502765098,-1.2874550076287756,-1.2659994518645385,-1.1570433770146964,-0.8755792288063388,-0.06662291794850522,0.6575118807866186,1.0216923273127798,1.0489602315169821,1.0515374048818724,1.0585032146530833,1.0397286241901642,1.0290850548602422,1.0197202805206484,0.9960557190150772,0.9927382937262291,0.9474164675988339,0.21893807424112172,-0.21359425826889986,-0.7029947802493196,-0.871858385802318,4
42,-2.220869925277893,0.3383852188559139,0.19746341098171777,0.4203989780116128,0.7845388342905237,0.29819611098919935,0.18188737214892717,-0.9801161655572821,-0.9851352965950664,-0.9866406960871034,-0.9905010433172475,-0.9599308992306479,-0.9469532002236755,-0.891406337702604,-0.8470701138366786,-0.7440980700269695,0.1662744322691576,1.0829369897791905,1.1901295892753774,1.190088810959566,1.1991246061047716,1.1883217506077395,1.1771077137596093,1.1408184108804635,1.1196544649743558,1.0380808423866699,0.837662216559694,-0.21871024911311907,-0.8781363940989834,-0.9362352995512505,-0.9652660622159703,4
43,-0.08709921718419134,-0.5235266941065965,-0.7364684038895171,-1.0636276699866767,-0.37940255249202515,1.3306408749685148,1.459483662690481,-0.972284381450189,-0.980862154989276,-0.9845785593549421,-0.9891702467348007,-0.9913655511595864,-0.9929386949553649,-0.9777087705084148,-0.8983371605295285,-0.7978712299086023,-0.3243147316732239,0.9833462633815818,1.066417718317758,1.108253880766393,1.1280589331848252,1.160311929442936,1.1275905384907436,1.1097726150775054,1.097793065931908,1.0370531560064824,0.9677969789159403,0.7774323858481361,-0.7085403186060656,-0.9667204202356463,-0.9791352452585718,1
44,-0.0973042729562884,-0.5108938214653284,-0.8079001882158638,-1.0572653000145287,-0.3065101993789948,1.3653490018839967,1.4145247801470233,-1.0092506308780602,-1.016700819496597,-1.014267738119487,-1.0127690749965106,-1.0139910065596087,-1.0175274202598692,-1.0241402263660477,-0.9932253578196639,-0.7143554177061262,0.028550221326667458,1.0441694217448014,1.0682486613705593,1.0995085458877,1.1288959999802115,1.1436741840609752,1.1482743970044036,1.1243892288621964,1.0712567693655983,0.9913819782189603,0.8919419063973033,0.6547829595817576,-0.5937184271810778,-0.9845316741398565,-1.0005964802782354,1
45,0.5434580245460366,0.8382858852640275,0.4854132275883398,0.5644947684124608,0.4151061245487636,-1.0892225632786028,-1.7575354670810353,-1.2518303333145846,-1.2364938443525022,-1.2800799382650565,-1.3393487172787908,-1.1892784609150613,-1.000982380859161,-0.22464907880114018,0.4281210512768249,1.0521395920026237,1.1834806372411024,1.2355716163041848,1.2269109428910607,1.0722882072981808,1.050852896352306,1.112031524066736,1.051060614035766,0.9285764200225682,0.4464059773568988,-0.06297548184194575,-0.14046571764358703,-0.40750410953753685,-0.6546881528541643,-0.9353839824355666,-1.0637592807490974,0
46,0.2275154398935684,1.069976488332768,0.37424250571769235,0.7293998273605594,0.40842166789342904,-1.3107169223580237,-1.4988390068399948,-1.3158290504578027,-1.3488726480364348,-1.0145823076570637,-1.1046077053852175,-1.434258733326042,-1.3309162893915587,-0.6247068329498104,-0.007732412957302835,0.7094608998879592,1.0597479360151776,1.137928741426482,1.1731485392388314,1.0433506461944573,1.1088261233755765,1.1575686778641092,1.1308425570833582,1.1065308276066808,0.8860308576570018,0.17968065194640562,-0.04584298421444085,-0.3333504330023086,-0.5136069389284692,-0.7161180696327686,-0.9026920523568107,0
47,0.5300584814098821,0.8298094514873883,0.3977133120176819,0.47521392391908096,0.6283031091053609,-1.148819078859233,-1.7122791990801518,-1.1855896529089247,-1.2457961354255516,-1.280526149780034,-1.2583395952852001,-1.2320556994415206,-1.1529454933984098,-0.33397655390588127,0.2909335167585737,0.8771330962525532,1.0708626195789477,1.1638478328863455,1.148952916971697,1.0853821524486718,1.1752793090091425,1.1909993593527275,1.1587057934407756,1.061970291033612,0.5514953874794605,0.07467746938722368,-0.18679098680065145,-0.44805050336918245,-0.6634778749621119,-0.840623258671698,-1.0220678406505157,0
48,0.5730744435405787,0.7670161532823633,0.4201990621003304,0.5497854130102424,0.6006485163375288,-1.3940996248197435,-1.5166239634512952,-1.0903168852869254,-1.1438186694801793,-1.2094464066426256,-1.2334299650740839,-1.1911428704410874,-1.0479012074735274,-0.6244041169607406,0.2924610461805383,1.040502084027366,1.075571748838681,1.1357934018511915,1.1994532572961845,1.1450122568286922,1.1669440749467839,1.2327898444586065,1.1772027765136202,1.0875523469082882,0.4414777711200555,-0.048043987242504554,-0.32371514487775627,-0.5380297631691237,-0.6902275241803197,-0.8564464424283675,-0.9978376257127552,0
49,0.5990717469611516,0.8713077345667682,0.38110539232331275,0.48385936133882074,0.5590347455458539,-1.4213052937078807,-1.473073687028032,-1.088123206363336,-1.2064513984136516,-1.2346607439925212,-1.2861898815040402,-1.2119968677929045,-1.063069212985026,-0.7861882996504762,-0.2069004190376268,0.7083554505268855,1.0415159213788363,1.1711238764138339,1.2370881291105935,1.063409593498002,1.0844386494236284,1.2636626544154728,1.2433491429258787,1.2293016143101554,0.6647469923975609,0.14533626771661234,-0.059170307348385985,-0.3787254957985502,-0.6178415638980438,-0.7736463957855698,-0.9393644995472977,0
50,0.36312748113467447,0.7176377529355785,0.20055829757171717,0.714230094546653,0.7569996845301233,-0.9064560285387367,-1.846097282180018,-1.181454956097963,-1.2233585801600133,-1.2225933759854,-1.1977677178203963,-1.1352209720477622,-0.7513580369535078,-0.26381863170116565,0.443795233270295,1.0714365664927035,1.1465135306246266,1.2917979777773019,1.2805286072057276,1.1286355785450306,1.0251330184266287,1.0660888327723965,1.1013577888204715,0.9887249516186162,0.4240912257740071,-0.03291827201166975,-0.3963293864389923,-0.6234211162593915,-0.8677386355105691,-0.96869341354759,-1.1034302167933812,0
51,0.38150945976676187,0.6678729475644521,0.4962358377166635,0.6527044703945316,0.7094777524664224,-1.4033400525739208,-1.504460415334913,-1.0677502357183692,-1.213868314716955,-1.3033396609215786,-1.272645945316319,-1.2746010989728238,-1.0886550022299384,-0.4661999820547385,-0.021448658039048652,0.7066681380581208,1.0110394295367873,1.188602530377177,1.2709913873811602,1.135299330016025,1.2263216183346852,1.272608233551033,1.275780415438666,1.1127865045420264,0.4920010537813709,-0.02469992479368524,-0.2930524529554439,-0.5112124521915676,-0.5183169094108214,-0.7308399150710004,-0.9054680886247721,0
52,0.3188060572978499,0.6842512593185822,0.49880090536826727,0.704634316262851,0.684336794597407,-1.3074163243283268,-1.583413008516625,-1.1563738343258367,-1.164701089854462,-1.2070930437110405,-1.1831410711807504,-1.1161822317966614,-0.9032519371808053,-0.4710940461703276,0.26246011656215984,0.9112081458105052,1.2154419076281229,1.196016583788215,1.1415264019260798,1.0458889093824633,1.1006161661350928,1.1632928403096223,1.1793991156826047,1.0844802564007994,0.7095018655415052,0.06328016559499429,-0.3802425029785721,-0.6024187183237205,-0.8187717816710937,-0.9980078074753949,-1.0718344100935018,0
53,0.5271621600987989,0.688601370476465,0.4822523429628682,0.6020766542366525,0.6210393742672028,-1.478853798270031,-1.4422781037719559,-1.2942792545197737,-1.286150985102292,-1.2801769072841231,-1.1613640312127287,-0.591252019158894,-9.059216530565766e-05,0.45726670718100054,0.8105901661307519,0.9494354224463145,1.053549344314963,1.0847851225049994,1.0288081735117023,0.8962172801666359,0.9755339742015589,0.9928315721737362,0.9371749490688126,0.8496338878498961,0.6913688745516806,0.3414568863131086,-0.6227200336180015,-1.00258249241951,-1.237837832988335,-1.3106839440781097,-1.2815142678680833,0
54,-2.2340146932230915,0.374800922140711,0.23535566886585244,0.6259464754308272,0.4664584077426551,0.44278116338108564,0.08867205566196304,-1.1133463174496063,-1.2414046058470052,-1.2550239025305268,-1.2657625166950894,-1.2642844372366717,-1.0323622390945584,-0.6152524090622385,-0.3148584420797416,0.06165556872797403,0.3220659139353105,0.7800818550501721,1.0589294070054909,1.113813327661468,1.1455721186346803,1.14964784412002,1.1510022261485844,1.1290490771995152,1.0610385530128217,0.9996510827398053,0.857120195049557,0.12120644665265838,-0.8697252776366112,-0.9901856086477597,-0.9886278596582497,4
55,0.4701837098428956,0.7640151384583431,0.5258054440122854,0.6448548268812503,0.505009777760138,-1.3706858279142093,-1.53918306904073,-1.1511612335569013,-1.2363290373949043,-1.2355873563593345,-1.224998433266937,-1.1669533343757366,-0.8224139671613083,0.051970921384534685,0.5193098471338754,1.1490198672849834,1.0237328246615545,1.0444542517475435,1.0049625892229832,1.205319163123237,1.1494991073387366,0.971472837847778,0.9259222117865076,0.9335558212141125,0.931821428638632,0.26887268761665994,-0.5553745629248666,-0.7742731627142907,-0.9002790654183458,-1.0232840125477216,-1.0892593932807548,0
56,0.3937706129398717,0.7644208252171112,0.40084549304531164,0.6888023014927249,0.6399081857362008,-1.2914684533635234,-1.5962789650676872,-1.2129008171121316,-1.2993272510105618,-1.2537472794099713,-1.3404928262951012,-1.2876264414981555,-0.8037447826625217,-0.2229192577417435,0.27070864356274293,0.7503886480734706,0.8779806572564403,1.0388003061797466,1.1548776550925623,1.1382040015373853,1.16560782927041,1.1230195419201527,1.08297086208907,0.9104637000278077,0.9708425363866928,0.5755014349863883,-0.269509753800224,-0.5050949162328913,-0.7993968682187118,-0.9646575062069499,-1.0999481161941054,0
57,0.4267985642181014,0.7615679168116635,0.5260624335293298,0.54433251154451,0.6524658306635855,-1.4283739871069014,-1.4828532696602745,-1.1204260688302254,-1.1835824405917228,-1.3293893268466965,-1.3477543853674263,-1.3747619763518366,-1.3324794520564307,-1.1206327661686692,-0.6406918811691321,-0.12681904434731758,0.20138790821737015,0.8550243178614076,1.0530196983567057,1.1252164949583876,1.1667239042346298,1.126162135281768,1.037615579209183,0.9859903352161181,1.058060529698003,0.766431254887673,0.7016083858349726,0.5739133538611352,0.2140739573643573,-0.3422054221559291,-0.9464850910963225,7
58,0.1749720533932204,0.6519037201687002,0.5202720553319503,0.7642447182142773,0.7175540124310276,-1.1201093552108259,-1.7088372043284688,-0.9900302986051366,-0.9548842138663137,-1.1369200973809965,-1.1220063141532866,-1.1126851996359677,-1.0276437371867946,-0.7187858661511731,0.13020317612034604,0.49696161733413213,0.7154595076371509,0.9309417432433931,1.2260372628446172,1.3699662370090946,1.0906069519165196,1.1500427644857742,1.1298652930600557,1.498213806750317,1.1458756779956758,0.08957408284192026,-0.44364849763409087,-0.5870291709446088,-0.8037176684295669,-0.9243438563007429,-1.1520532009502922,0
59,0.4572249042002939,0.7841072452697916,0.49853197746026395,0.5954753740359565,0.547713843325492,-1.1996512764621863,-1.6834020678296122,-1.2007960425917843,-1.2125808847005226,-1.2129335351789887,-1.2280580299532002,-1.1977142984851894,-1.0716838599533958,-0.46720409578275873,0.491020942369159,0.8252730663952311,1.0213362055423965,1.0947111905432305,1.0801709376064774,1.032563123013562,1.0830684613138737,1.0822815770372969,1.0868133988575845,1.0504088162559369,0.9388054667013881,0.38212826440281983,-0.06768531604058348,-0.586371008584407,-0.7924688960479236,-1.006419835957281,-1.124665646762936,0
60,0.42202929713806336,0.7851960667477332,0.5093969336696288,0.6733546789777903,0.5160042032371343,-1.4091556549610735,-1.49682552480928,-1.3180356874962187,-1.3640298561987398,-1.3870024755666481,-1.4066233922152769,-1.3778770367762012,-0.6438296762706448,-0.015721809926839574,0.3643355902069316,0.7097138764386705,0.9758928953128354,0.965868368384187,0.9623148295522512,0.9060820653167477,1.011299842469603,0.935005791885129,1.021110300793918,0.9686634927321998,0.9991835594643252,0.7878856144954418,0.1716616138150677,-0.1965302693927881,-0.6501783394505939,-1.166811509149166,-1.2523777884242022,0
61,0.41812411523540566,-0.15492741819812209,-0.8778866282107575,-0.8941532817810168,-1.002916313123425,1.0679095440048803,1.4438499820730204,-0.4688802857830377,-1.098209574106575,-1.442277996965276,-1.6227670911125671,-1.6775764550972054,-1.5463156290151883,-0.9592252754319905,-0.1697417319319101,0.11558190380487962,0.08904372447974776,0.04021664032652576,0.0929191064873262,0.19528104519029946,0.15928638793822628,0.052309469675524474,0.07416444088445641,0.20437454719681317,0.5749320248199867,1.0965857344625543,1.4911514765368985,1.691290394947965,1.5766855240717559,1.1437343961265791,0.387437222494208,2
62,0.34016422507738175,-0.08031413497582976,-0.8686139136658018,-0.919706329220904,-0.923262616851907,0.7678394040928257,1.6838933655442438,-0.3454097745007743,-0.9596058887519656,-1.324341719560176,-1.531395284264955,-1.6271125604879964,-1.595997637810714,-1.2187613746932393,-0.5604649588126471,-0.21136679205708836,-0.12113687361588127,-0.04897308280038819,0.08686047186306703,0.31650508940726785,0.29003819378380324,0.20932815097770313,0.21062258547824447,0.3585350419075608,0.6723477448572905,1.179874249474519,1.4978239203236752,1.599655254605469,1.4684436144842934,1.162438552484515,0.4920930777083922,2
63,-0.02090834041109849,0.09107847857434177,-0.9264201851514561,-0.9300809715031632,-0.7058672424774189,0.669823185713661,1.8223750752551566,-0.29463341316756814,-0.9184337375287265,-1.2802973548726022,-1.4793309002629853,-1.5755529911906814,-1.5341671164245405,-1.0808455234210534,-0.43968632752150827,-0.3907957489436687,-0.3868899349439504,-0.313143929445789,-0.10154822150415573,0.16398737532510588,0.23908330402066716,0.2133315498264173,0.2730867014215539,0.4439212475455406,0.8281848983078302,1.2993271072029393,1.5393852803066386,1.5976954436904747,1.5116453092502244,1.1821146612058253,0.5035623211239956,2
64,0.37131238925618487,-0.27978911239101506,-0.7412153576519802,-0.9982713530627612,-0.8455673101759447,0.7917558118555096,1.7017749321700104,-0.33783054072154406,-0.9064008014598639,-1.2367176787895204,-1.4263537250109741,-1.503369289835631,-1.4306266446366318,-1.067988859357448,-0.5375122745489318,-0.32109734245751653,-0.24364912906902736,-0.17757339221555818,-0.08082493241763654,0.05758552384607535,0.053539229658615406,0.03777021962255731,0.0891853508558818,0.304380626043541,0.7366707096372075,1.2668258983697345,1.6577135746359088,1.8212876954646093,1.645632378548707,1.1571474272069975,0.44220597663045147,2
65,0.5516518032016465,0.1701751204736709,-0.9624946989388105,-1.1287072223469838,-0.6236854752749036,0.2578773813156344,1.7351830915697328,-0.517294289183311,-0.972183796575092,-1.2549876139084,-1.408611858640631,-1.5184138635430142,-1.4708513171994304,-0.8044259949657894,0.08308176903919548,0.10747589648773076,-0.029910868953451294,-0.25793056841412243,-0.37600294700988374,-0.2283872014238734,-0.20880745499470652,-0.18935407027208534,-0.04899148664176486,0.47184619539591505,1.1345754377131116,1.662464102976009,1.7008843798510536,1.669976306430117,1.4176951593127816,0.8701256582554825,0.16802842626415318,2
66,0.22622025715546726,0.030272523095919844,-0.8131447548781925,-1.1076544448408299,-0.6387138991151677,0.4444392755708358,1.8585810430119878,-0.17154997247654427,-0.9180553475971468,-1.3929460439546106,-1.5878022265029694,-1.6185416242836144,-1.3861261775634595,-0.751198616508062,-0.2523683891529187,-0.2603482328188115,-0.01381306271990709,-0.31286720391313444,-0.159750203647279,0.09644477720507372,0.05750554006849853,-0.05235230769277874,0.36233956802724593,0.31500049545288883,0.6979929921993797,1.280701576283233,1.6977734053772977,2.1086653555421355,1.4148989472058933,0.7722315377828259,0.07416521368676636,2
67,0.11558110918059492,-0.42250262312053993,-1.4504544918062228,-0.46759168053187594,-0.2915173854841853,0.9159404880398,1.6005445837224448,-0.36860380221033395,-0.9560097447477833,-1.284454906064678,-1.4679400201524657,-1.4394437338491204,-1.430059289453817,-1.0016173131074586,-0.3842289540911075,-0.17242422651804729,-0.12045124044837903,-0.1429562397152992,-0.08675869478993824,0.03743710005620622,-0.011823438630101473,-0.08171312695613996,-0.06000835162990481,0.1828440255898522,0.6673328553402739,1.236182955720676,1.6921651066490422,1.85583688381585,1.6850566238512708,1.197107085370356,0.45453044597103565,2
68,0.3453832117082928,0.007903458801220046,-0.7162029397114309,-1.0510754874820083,-0.9416553555430819,0.6293300858344236,1.726317026392567,-0.20322694229517224,-0.8772295162139798,-1.2569216968949857,-1.4721384810638085,-1.5779513063504096,-1.5229500657763302,-1.0716790555875522,-0.44742402679737875,-0.21793876737517426,-0.2304670945590732,-0.19563827109619628,-0.1218205249639934,0.0160058523864488,0.05712654880543843,0.05399354336399157,0.13262532969690854,0.2694948103382286,0.638136496590735,1.1783878169821145,1.6025036502904275,1.7553817542546133,1.6205738503070746,1.2609099980436203,0.6102460979144588,2
69,0.4944525613200382,0.8196145580448951,0.441625577777288,0.5815462789293157,0.5698536931536227,-1.4633516910348683,-1.443740978190283,-1.040817819244016,-1.091775429012768,-1.1260333014300457,-1.149698323092069,-1.124171581711957,-1.062674631694818,-0.5013248890088203,0.059072812575831975,0.42009928399107693,0.8947174134631419,1.155041570163205,1.1822204484428414,1.1943851703373194,1.342297129736096,1.1958723165073373,1.364894170865227,1.285185811677615,0.8360899643767556,-0.13248588359096258,-0.4761704915723266,-0.6181583919400114,-0.781307468169225,-0.8702330121647139,-0.9550248695047113,0
70,0.40103725816702523,0.7290126644532574,0.5440053635649431,0.6737696582069966,0.5629581334962817,-1.4076875485965237,-1.5030955292919777,-0.9825847502299946,-1.0302485505277168,-1.071938451934887,-1.1739504165245291,-1.211285049663696,-1.1833252699462613,-0.6146541900671121,0.15291274928342313,0.7495983947879314,1.0539998926399683,1.1325300251395998,1.147708620999156,1.181916410357046,1.1547970235138698,1.2123498312005263,1.1979757485798301,1.1526202048261276,0.8861349647079705,0.07539226005937873,-0.40972318263060287,-0.6936108311619528,-0.7998387133144361,-0.9146030493274698,-1.0121736707662077,0
71,0.5361916272565981,0.8920151880118812,0.6379649929854949,0.5707981568777302,0.23562102952594935,-1.4003038719344325,-1.472287122723221,0.3085948916916656,0.25425031867990233,0.20341956626380436,0.16909999234559886,0.1336532250821918,-1.390047696512711,-1.4084480258684886,-1.244891641762521,-0.3202971317279926,0.7785841392852763,-0.20459293885219776,-0.21626789115391423,1.2608087872684406,0.31947640063307114,0.57523594094277,1.7975291403319957,2.2348486724232877,1.29619888000611,0.023213465930363743,-0.4718133276997207,-0.7648395172659219,-0.9631247913093016,-1.0981612946307635,-1.2724291641009267,7
72,0.3742119358971441,0.9447769172139483,0.5051022223894919,0.47145598263326494,0.5829170391748001,-1.3784334022855054,-1.5000306950231412,-0.9660511444777173,-1.0476330824304119,-1.1033243794525243,-1.1213597646994067,-1.1599755675839676,-1.1205671940586752,-0.9081582623424622,-0.34066887723780354,0.32551316531891217,0.8674993884729008,1.233385221596665,1.3205151540344848,1.2413109280039865,1.3205591857367458,1.3411307970339705,1.326010310476892,1.2392326316571767,0.7153610508141427,-0.14190977322308915,-0.43833119285690747,-0.47481586135194376,-0.5968981590460481,-0.7080077565362419,-0.8028168178487102,7
73,0.4486221196357492,0.9364977939048895,0.47336592393908905,0.6934251322192336,0.315163023381907,-1.3726601058620618,-1.4944138872187864,-1.2825750775639775,-1.3894389994201937,-1.2966816606336213,-1.374577268409273,-1.3193046343743091,-1.238094766189728,-0.8359575111292651,-0.12221684863449261,0.42422708037039,0.6896930462259886,0.8335906817022162,1.0371659808708462,1.0169762616076012,1.1249519290440257,1.2088048150230668,1.2346791201775764,1.1277942219896573,0.9151886120232863,0.6390561814971798,0.3705906002081859,0.09058803648304825,-0.15119565088090767,-0.7569291814417018,-0.9463349685455786,7
74,0.40718105201693894,0.801924642582949,0.5679847645578148,0.6435982562614792,0.4802221405344779,-1.3609013970525428,-1.5400094589011124,-1.1479718030478476,-1.1654145498795323,-1.1912785463923825,-1.1909228441883208,-0.9584936852216293,0.24493135039320837,0.7092027596898881,0.9457491716685958,1.0250707631743978,1.0342167560963396,1.0856068320281809,1.0946638993991065,1.0355773170268756,0.845916901821076,0.8632529379915422,0.8200306739204715,0.7539234192955694,0.7125285752978674,-0.11823170739887946,-0.5241190461763513,-1.0253078979771049,-1.2087746485546766,-1.470371388254443,-1.169785240711943,0
75,-1.5373612023590755,0.42205450307500086,0.8458267569245882,1.3744739992640258,0.1693550887230007,-0.5561658264478427,-0.7181833191797005,-0.9199983146543852,-0.8299155263292423,-1.111349362847346,-0.6765098367990721,-0.9862241394729595,-1.0126240410259195,-1.2169720081354847,-0.2674827158581583,0.2995291110271508,1.196808976528692,1.1413136014959075,1.491565158916109,1.176485631349327,1.432331693753976,1.2528083313554954,1.3330563139859342,0.9458932764518138,0.8039754463407295,-0.732172245135017,-0.6584846394804308,-0.7516834628748776,-0.5435772464442034,-0.8888926817675606,-0.4778813203804828,7
76,0.26669381688179394,0.7998049666807624,0.5473388651674255,0.7302942825869115,0.5383834001026525,-1.3638856831597774,-1.5186296482597728,-0.9113326176117665,-1.0253834300537532,-1.09440982887568,-1.2068218850866426,-1.188646588706192,-1.2087420439027907,-1.158668936843718,-0.9759889998176297,-0.41040290990213607,0.5397943015067608,0.9215417378691804,0.9298017313972711,0.7766359596228615,1.1935752722191926,1.374666112293986,1.5021083771692914,1.5014959127193106,1.2751654688123055,0.5255751944113094,0.15601083467549204,-0.11698277908259527,-0.23830039945811174,-0.4746951240566601,-0.6859953592993224,7
77,0.44585802498315086,0.8029829886263012,0.5218813572151152,0.6393555568536476,0.4961563438579293,-1.3982385225819176,-1.5079957489542326,-1.0427176990967482,-1.12794710891155,-1.3189240225156758,-1.3486190520184846,-1.2924858333262828,-1.1274953536422694,-0.6908633799463586,0.2031918157688515,0.8083967934935334,0.9585896616244924,1.106870449313382,1.1351261655163911,1.1212478234066403,1.196191921392944,1.1768767571470868,1.1725798291206768,1.1411303082232211,0.8978916135252611,-0.00999990055372042,-0.28097952056644054,-0.42342426053241783,-0.6246917389332888,-0.7807416666601498,-0.849203601829106,0
78,0.4644126538474625,0.7569282312746692,0.4860595265995815,0.6144561704215649,0.5910275554526003,-1.4025453154389629,-1.5103388221569214,-1.0301106720630946,-1.0556135258271409,-1.0737226596734786,-1.079662084624477,-1.0814999762345803,-1.062210545023956,-0.9050160128396505,-0.5537763786189247,0.2383211825537039,1.060958938027244,1.2136599095318021,1.240279830444191,1.2381890179703123,1.2962933710750415,1.285459927409984,1.2363890644897753,1.1891603085273994,0.8032030704057341,0.1468144140396683,-0.12119317926021528,-0.43088213091032923,-0.6987084642578405,-0.8983557634268916,-0.957977641714275,7
79,0.22027667258269654,0.7719272507268417,0.5076462322000113,0.6688031809217809,0.6219919204244339,-0.9652762987468992,-1.8253689581088661,-1.06043256068072,-1.091051479508888,-1.1060375281088373,-1.1276939247503077,-1.1217755068516495,-1.1033774741625826,-0.8260688715831002,-0.1808845105609932,0.5910485911555357,1.1127991723280986,1.265869510657877,1.297203975912317,1.284728403757085,1.2936222011457787,1.2580753100372393,1.1385426731331916,0.979040502237316,0.680362530113907,0.07789669500376845,-0.32973838040149567,-0.5463953274252612,-0.7057479208195988,-0.8339075411906812,-0.9460785394379971,0
80,0.5169679782253096,0.7600528468528454,0.49943220676964034,0.5774504922659789,0.5554159762868977,-1.3289114005432434,-1.5804080998574308,-1.0278392422179503,-1.0512876557747093,-1.067074098060301,-1.0730445492914429,-1.069913781798623,-1.0207335643442677,-0.8516139029811044,-0.5007221397259447,0.42940688939600297,1.1355922491271155,1.2728253023170246,1.285629753250985,1.1919784066372587,1.2323290835385172,1.2948441712128063,1.2207148417340588,1.1117460211058758,0.7961045005203878,0.09698277323175263,-0.2820438520275786,-0.5081609467853304,-0.7276380976765954,-0.9006938582533552,-0.9873883031345866,7
81,0.03399988489963625,-0.18681513266987004,-1.0639885433012264,-1.2591077604934602,-0.040770573353296986,1.455842255655774,1.0608398692624539,-1.0500697925707705,-1.111960502705803,-1.156792521282749,-1.1664119288179269,-1.173360426742102,-1.1633173933111753,-1.1073419472082473,-0.9756149583081586,-0.7919266369758363,-0.05401682210627136,0.6823173110778855,1.0232431661055212,1.0259089095470635,1.0384730336746426,1.02000914402334,1.002377007655154,0.9982905676120147,1.0200039778538796,1.0360604325366574,1.0542918445622442,0.9627989834193876,0.5037693283586149,-0.6949266391882427,-0.9218041372091185,1
82,0.4646774186777167,0.7425782881531756,0.48778283961579455,0.5965905179151202,0.6045236822127323,-1.248701362637789,-1.6474513839367526,-0.9603465518211488,-1.052866170474061,-1.1218784527309031,-1.1659535983802025,-1.160207755294348,-1.1318959349578646,-0.9669449465858936,-0.621359571249032,0.11910820410719432,0.9464652047369951,1.2471406442389767,1.300815877022448,1.1371259546755028,1.2990308469447713,1.384445868273597,1.325149122857443,1.1645852233330956,0.7696228965938348,0.13201192899706612,-0.2138221072461387,-0.3958418906892266,-0.5238134499893288,-0.6905317069456658,-0.8200396354171017,7
83,0.5351503144959133,0.7955804847121114,0.47152501784864426,0.5580978017209212,0.5491993762204327,-1.3757588908996512,-1.5337941040983716,-0.9500762475944967,-0.9842658208212669,-1.0053886305079258,-1.017267971744353,-1.022780272697232,-1.0220227791586747,-0.9408123063459257,-0.6543364391829338,0.17110119886308028,1.1068411561621077,1.2762484442209199,1.2639135832214414,1.1948895436202105,1.3133553912110523,1.316283001373584,1.3173066412905536,1.1828464199970685,0.8155848905868692,0.043913939179661216,-0.35743479946561113,-0.5723582364324581,-0.7405832203871712,-0.8305253416916671,-0.9044321436968412,7
84,0.4951681979437293,0.7930228980672104,0.4563753557302597,0.5694651759883148,0.5922199709035325,-1.3544333079877795,-1.5518182906452735,-0.9721510358002693,-1.0691676005435473,-1.1473163415397845,-1.213586272781889,-1.2679690141571591,-1.2635987853834163,-1.132227948621043,-0.6883920396205908,0.16961417941761048,0.7936853623418814,1.1017215450173075,1.2190221725541512,1.383599205895538,1.3515452748129573,1.1988847617328589,1.0760867802639442,0.9859167675976512,0.8888792525726203,0.5731543164937251,0.08893045432922135,-0.12655576367273508,-0.42588081919513054,-0.6911113861921719,-0.8330830655217261,7
85,1.256426546766638,1.1456885130121999,-0.4147975666453985,-1.4930406341650142,0.2565491992939622,0.04877763002341405,-0.7996036882856852,-1.288227832876681,-1.3109372021205554,-1.3357929531059392,-1.3384238967860613,-1.2684843729483457,-1.2833496925550698,-0.9970061077700333,-0.027488727223975,0.6662901455962295,0.8451260218800483,0.9154167718209191,1.0382385888384489,1.193760206478514,1.2038286881023195,1.1619254627396776,1.0552242734383002,0.973648758886767,0.7830305476794842,0.45830575484400937,0.3118737386698812,0.13801681760765386,-0.2246794194912429,-0.6762130960337773,-0.9940824756706143,5
86,0.8642647463342787,0.7123771362199594,-0.7283722188160147,0.3832003664869059,-0.4194839947329496,0.9286547206594307,-1.7406407561515882,-1.305733289000475,-1.3717676083649148,-1.3720079715393052,-1.3683661052606577,-1.3667199817027091,-1.359574640064002,-1.1976402699393593,-0.6141088919333472,0.013960082749674311,0.505575611704324,0.9805283884787349,0.9824974241800567,0.9860106111835261,0.9826819454048417,0.9710886710844795,0.9880306330127492,0.9482590253390639,0.9161571880482108,0.8481246980522198,0.776753830634135,0.6040978061851532,0.27244275583211935,-0.05362809956032166,-0.7666618145241934,5
87,0.5664742257773099,0.40502857328084163,0.11571121921715184,0.05336932507268881,0.303815918629094,0.7548536363028289,-2.199252898279915,-1.1846292970371948,-1.2766925260847817,-1.3111412982162967,-1.3905283475588635,-1.3295320388494252,-1.1500306473830193,-0.8927216850820846,-0.5224281287755121,0.45676592141991373,0.996893768981287,1.03000132943566,1.0149405599149763,1.0136454643986534,1.0127538852894935,1.028427615447725,0.9784357756136317,0.9699350299693977,0.8887744299420142,0.8777469029862598,0.6453310599938807,0.28741584985370777,-0.3159814488441222,-0.8072665175784669,-1.0201156578368429,5
88,0.48839113467557665,0.2968240709963615,0.14239555986167088,0.1622239780438959,0.4452054296035794,0.6902855271210974,-2.2253257003021796,-1.203660962802771,-1.2704438440878412,-1.2908715271730156,-1.2853642904554448,-1.288281737536753,-1.2978782132153703,-1.1810248315145506,-1.0419666416028863,-0.23109591668380955,0.5252707508653721,0.9197092260238252,1.011943871218099,1.0183989080026936,0.9976935491166334,0.9941726199613999,0.9484542249315355,0.9475730670567244,0.8917306123265595,0.8719952675715943,0.8361547263652455,0.7179148168320019,0.43470771399243147,-0.13054580683900555,-0.8945855823526684,5
89,0.5095846816254147,0.35170489815814177,0.18542139569476226,0.11685354869409895,0.37617733024962857,0.6864393759382128,-2.2261812303602593,-1.1578754371453492,-1.259511420345213,-1.2671940049494241,-1.2777643972965205,-1.282398957490109,-1.2648825864380349,-1.1388428693351706,-0.8668496756467057,-0.6024784968465994,0.17902519272812778,0.9560701696714184,1.005457934432519,1.0223002231630132,1.0500997688773361,1.0462682458842385,1.0211083674639874,1.0063821110647149,0.9680981429225691,0.9223054838765616,0.8805241031094069,0.7453559436690871,0.3944951183557518,-0.35764593606330736,-0.7220470236622948,5
90,0.271981866852445,0.13745408622129027,0.1267193355458238,0.35770528831309734,0.4337539632793653,0.868135726654069,-2.195750266866078,-1.1954103193008008,-1.2613170108312008,-1.2623487233801651,-1.2731314231247546,-1.2468134416410694,-1.244217399595481,-1.1748542847963488,-0.9584069513741315,-0.21115654758899152,0.5473458547897245,0.9161700549652737,0.9704783606564158,1.0093929191819666,1.0643046091075214,1.074636632973321,1.0721188074025638,1.034694086492846,0.9893248064967,0.8910253206040566,0.7770788151511305,0.6645141340868892,0.09475553466398082,-0.4541602365134277,-0.8240235984260197,5
91,-0.9199679599274956,0.2819486357087502,0.17186828094037973,0.3313414088800876,0.5371111140868251,1.3097143261264248,-1.7120158058150015,-1.0476443006454375,-1.0523074522450333,-1.0597863179490528,-1.06177771161268,-1.0645899981892832,-1.057878898717024,-1.02838159429503,-0.8999761195609887,-0.7805370576050017,-0.3803029202579827,0.5949589906908107,1.2786273998505369,1.2268563058879516,1.2147639877377312,1.2007728191750335,1.188389161160083,1.1666003668060725,1.0854553594230263,1.0427894931152193,0.8404231093096008,0.3791258500790085,-0.20167730790006788,-0.5980109185875204,-0.985892245669972,5
92,0.44607827417618023,0.248920787293043,0.08251891490446817,0.18191048232097476,0.41715926048129676,0.8245896615675381,-2.2011773807434927,-1.3447191007157655,-1.3511729366557048,-1.359906504770704,-1.37321098358984,-1.3653549692828137,-1.3659120251783095,-1.1628746898984368,-0.5801274528113937,-0.3263770460590382,0.4210889485101764,0.8441843474932564,0.8883920744327228,0.9302284983649933,0.9354995443898394,0.9470279306106649,0.9427985028013698,0.9137266713237648,0.901135681905024,0.8653696410531221,0.8577463692777759,0.8147366940587589,0.5869313564116877,0.22368703485802496,-0.8428975865291743,5
93,-0.8478100503002126,-0.2460539987390054,-1.1468955691915825,-0.712491222158914,0.46296462737191685,1.4483220946681425,1.0419641183496553,-1.3384816451048844,-1.6496386614860123,-1.518682603697722,-1.441724660646811,-1.4369112794490058,-1.1636716734535897,-0.3436961418034579,0.06705775386225908,0.45395733454185117,0.7223314143764865,0.9213887938117257,0.9274977767819406,0.9625351807509652,0.9832006306935431,0.950341281716525,0.8667248280086506,0.7869751238630116,0.8433037173303288,0.7688086209922953,0.7070970628854321,0.5770234583167396,0.20802965569298298,-0.7525046292350611,-1.1009613387481818,1
94,-0.6420319912729817,-0.9615759672912012,-0.5140786339060514,-0.8769110426428727,0.3863795105425834,1.5031401451919977,1.1050779793785468,-1.1876762223984436,-1.2960073522172817,-1.4090724194665036,-1.5214825844909008,-1.5270112347334326,-1.29865639492444,-0.6415687098658359,-0.09872589718806857,0.23026803731971796,0.47809334102632345,0.7165758635555531,0.8262339675452911,0.8880376055936832,1.051598823039446,1.1135103850499803,1.1284087974604236,1.0717855095949191,1.0647655464209504,0.8913145695351311,0.7341674693849405,0.5024620811148566,-0.06873284698146681,-0.6616155858339872,-0.9866727485408585,1
95,-0.6023098993638845,-0.9584327983440467,-1.02587241174686,-0.4088670169244471,0.5773872593228873,1.5569522144698538,0.8611426525864779,-1.07754630485849,-1.2589107422711392,-1.3059151553926283,-1.3515595190239935,-1.3389239240988628,-0.9212600773008829,-0.5950503691901076,-0.4681614275710434,-0.018086131099653586,0.953108668654901,1.4154979267260555,1.3173262463004707,1.2706342769807677,1.293258884039439,1.161729233011507,1.0943240775381697,0.8627480832739437,0.5988157764777989,0.06270816023253203,0.47361770719780566,0.020877448887661788,-0.494443465015316,-0.7665544477993644,-0.9282349256995552,1
96,-0.18043207947790585,-0.17068506866706576,-1.681843116400823,-0.4207017676585736,0.0326549309628648,1.187913841830544,1.2330932594109523,-1.2171425008169932,-1.2942310187281267,-1.380336003625764,-1.4004792738361354,-1.4185845355298263,-1.3284350311546096,-0.9663916258162145,-0.48945330301970563,0.08723777893697196,0.5651991890083113,0.9058452547857735,0.9486900966816615,1.0281106002967695,1.0678336844418634,1.08786146361437,1.0778627395179372,0.9785789439660723,0.9945773691508197,0.8629665821818233,0.6498226222080759,0.40253997807168673,0.2689961744386151,-0.5367008032681706,-0.8943683815052107,1
97,-1.255438746874818,0.3632782054338243,-1.1546483324179455,-0.033779925679661496,0.5700707504225182,1.618895404792128,-0.10837735567608289,-1.1948121082920005,-1.3924834902460064,-1.5174976375109708,-1.599645837292727,-1.463254186209789,-0.9657032702058735,-0.8775603933164409,-0.5556469610274988,0.004137881110068391,0.5395579663519113,0.5943112929842453,0.6331783610845688,0.7242129594949588,1.063789930041637,1.179305828280586,1.120881399263964,1.0918986286546708,1.0968152836336287,0.8949847757640893,0.8043944972851316,0.708428676029179,0.2969301480569763,-0.33449217810732995,-0.851731565826983,1
98,-0.36221767395927584,-0.0902801984046625,-1.4799258175872996,0.10654843621080685,1.370241822111147,1.143718261985282,-0.6880848303559901,-1.4511658450430875,-1.562982763280313,-1.6210689414339639,-1.6000026198206956,-1.1188593174378685,-0.7808959151515531,-0.38738358928097133,-0.05176331971659837,0.2470558221495793,0.5539980063925284,0.8541131166486731,0.9413503812449798,0.9671658528442632,1.0548815867828565,1.0354475291544194,0.9670592225336961,1.0208008990593804,1.0827804506039846,0.8307528763029542,0.5900117102588449,0.3607237332138242,-0.0488733648891852,-0.7811693262042886,-1.101976184931453,1
99,0.08574529396922112,-0.5568687325992532,-0.8751819820271213,-1.1740210805404774,-0.12290263871737767,1.4437635739352392,1.1994655659797555,-1.1515931401519501,-1.3180875530541893,-1.4046243644253775,-1.4499370892088697,-1.4490144319168983,-1.3508569630187217,-0.9681833435635653,-0.48825682118275404,0.10915472970910198,0.9164798601842117,1.0543718970353326,0.653962754078946,0.6437170368301898,0.7590311070071838,0.9216057340284987,1.050228984881186,1.1892848966169516,1.1794311579562882,0.9296262189848525,0.6600293765346542,0.5959438926014402,0.2052799403890142,-0.4254316991712532,-0.8621621811442723,1
100,0.312420582927366,-0.9242145531833238,-1.4518321179294116,-0.6293751182422036,0.6643312568193281,1.1646752553757398,0.8639946942325472,-1.2500277831512383,-1.4056672882613443,-1.4810598956214156,-1.5111961614470437,-1.5223874729491964,-1.3939187722202662,-0.7632576756035995,-0.12206635761570901,0.29582760243387113,0.7219851891200627,0.9757871345283752,0.8187593401433182,0.8353715907190878,0.9030955525603843,0.9118219422886451,1.0769244804157612,1.1210380804381703,1.0696619331202715,0.8632034852311923,0.6213200504690538,0.34591934606882313,0.01782031408883569,-0.33984833503312695,-0.7891062997229172,1
